task,subj_tot,subj_train,subj_val,subj_test,sample_tot,sample_train,sample_val,sample_test,ratio_train,ratio_val,ratio_test,sample_train_class_0,sample_train_class_1,sample_train_class_2,ratio_train_class_0,ratio_train_class_1,ratio_train_class_2,sample_val_class_0,sample_val_class_1,sample_val_class_2,ratio_val_class_0,ratio_val_class_1,ratio_val_class_2,sample_test_class_0,sample_test_class_1,sample_test_class_2,ratio_test_class_0,ratio_test_class_1,ratio_test_class_2,baseline
alzheimer,88.0,64.0,15.0,9.0,17252.0,12421.0,3073.0,1758.0,0.7199744957106422,0.17812427544632506,0.1019012288430327,4309.0,3006.0,5106.0,0.34691248691731746,0.2420095000402544,0.41107801304242814,1038.0,717.0,1318.0,0.3377806703547023,0.2333224861698666,0.42889684347543117,633.0,361.0,764.0,0.36006825938566556,0.20534698521046643,0.43458475540386804,0.36068044538149024
alzheimer,88.0,63.0,16.0,9.0,17252.0,12121.0,3373.0,1758.0,0.7025852075121725,0.1955135636447948,0.1019012288430327,4293.0,2916.0,4912.0,0.35417869812721725,0.24057421004867585,0.4052470918241069,1054.0,807.0,1512.0,0.31248147050103764,0.23925289060183813,0.44826563889712423,633.0,361.0,764.0,0.36006825938566556,0.20534698521046643,0.43458475540386804,0.36068044538149024
alzheimer,88.0,62.0,17.0,9.0,17252.0,12305.0,3189.0,1758.0,0.713250637607234,0.18484813354973337,0.1019012288430327,4062.0,2950.0,5293.0,0.3301097114993905,0.23973994311255586,0.43015034538805363,1285.0,773.0,1131.0,0.4029476324866729,0.24239573534023204,0.354656632173095,633.0,361.0,764.0,0.36006825938566556,0.20534698521046643,0.43458475540386804,0.36068044538149024
alzheimer,88.0,63.0,16.0,9.0,17252.0,12345.0,3149.0,1758.0,0.71556920936703,0.1825295617899374,0.1019012288430327,4355.0,3020.0,4970.0,0.35277440259214254,0.2446334548400162,0.4025921425678412,992.0,703.0,1454.0,0.31502064147348363,0.22324547475389012,0.46173388377262625,633.0,361.0,764.0,0.36006825938566556,0.20534698521046643,0.43458475540386804,0.36068044538149024
alzheimer,88.0,64.0,15.0,9.0,17252.0,12784.0,2710.0,1758.0,0.7410155344307906,0.15708323672617666,0.1019012288430327,4369.0,3000.0,5415.0,0.34175531914893614,0.2346683354192741,0.42357634543178974,978.0,723.0,1009.0,0.36088560885608856,0.26678966789667896,0.3723247232472325,633.0,361.0,764.0,0.36006825938566556,0.20534698521046643,0.43458475540386804,0.36068044538149024
alzheimer,88.0,64.0,15.0,9.0,17252.0,12436.0,2990.0,1826.0,0.7208439601205657,0.17331323904474844,0.10584280083468584,4324.0,3006.0,5106.0,0.34770022515278226,0.2417175940816983,0.41058218076551944,1076.0,717.0,1197.0,0.35986622073578595,0.23979933110367893,0.4003344481605351,580.0,361.0,885.0,0.3176341730558598,0.1976998904709748,0.4846659364731654,0.37487778456252574
alzheimer,88.0,63.0,16.0,9.0,17252.0,12053.0,3373.0,1826.0,0.6986436355205193,0.1955135636447948,0.10584280083468584,4346.0,2916.0,4791.0,0.3605741309217622,0.24193146934373186,0.39749439973450595,1054.0,807.0,1512.0,0.31248147050103764,0.23925289060183813,0.44826563889712423,580.0,361.0,885.0,0.3176341730558598,0.1976998904709748,0.4846659364731654,0.37487778456252574
alzheimer,88.0,62.0,17.0,9.0,17252.0,12237.0,3189.0,1826.0,0.7093090656155808,0.18484813354973337,0.10584280083468584,4115.0,2950.0,5172.0,0.33627523085723626,0.24107215820871128,0.4226526109340525,1285.0,773.0,1131.0,0.4029476324866729,0.24239573534023204,0.354656632173095,580.0,361.0,885.0,0.3176341730558598,0.1976998904709748,0.4846659364731654,0.37487778456252574
alzheimer,88.0,63.0,16.0,9.0,17252.0,12277.0,3149.0,1826.0,0.7116276373753768,0.1825295617899374,0.10584280083468584,4408.0,3020.0,4849.0,0.3590453693899161,0.24598843365643072,0.39496619695365315,992.0,703.0,1454.0,0.31502064147348363,0.22324547475389012,0.46173388377262625,580.0,361.0,885.0,0.3176341730558598,0.1976998904709748,0.4846659364731654,0.37487778456252574
alzheimer,88.0,64.0,15.0,9.0,17252.0,12701.0,2725.0,1826.0,0.736204498029214,0.15795270113610016,0.10584280083468584,4407.0,3000.0,5294.0,0.34698055271238487,0.23620187386819935,0.4168175734194158,993.0,723.0,1009.0,0.3644036697247706,0.2653211009174312,0.37027522935779816,580.0,361.0,885.0,0.3176341730558598,0.1976998904709748,0.4846659364731654,0.37487778456252574
alzheimer,88.0,64.0,15.0,9.0,17252.0,12248.0,2981.0,2023.0,0.7099466728495247,0.17279156039879434,0.11726176675168097,4324.0,3006.0,4918.0,0.35303723056825603,0.2454278249510124,0.40153494448073157,1014.0,647.0,1320.0,0.3401543106340154,0.21704126132170412,0.44280442804428044,642.0,431.0,950.0,0.31735046959960456,0.21304992585269403,0.46959960454770144,0.3666253800522855
alzheimer,88.0,63.0,16.0,9.0,17252.0,12044.0,3185.0,2023.0,0.6981219568745652,0.18461627637375377,0.11726176675168097,4284.0,2846.0,4914.0,0.355695782132182,0.23630023248090334,0.4080039853869146,1054.0,807.0,1324.0,0.33092621664050237,0.2533751962323391,0.41569858712715857,642.0,431.0,950.0,0.31735046959960456,0.21304992585269403,0.46959960454770144,0.3666253800522855
alzheimer,88.0,62.0,17.0,9.0,17252.0,12040.0,3189.0,2023.0,0.6978900996985856,0.18484813354973337,0.11726176675168097,4053.0,2880.0,5107.0,0.33662790697674416,0.23920265780730898,0.42416943521594686,1285.0,773.0,1131.0,0.4029476324866729,0.24239573534023204,0.354656632173095,642.0,431.0,950.0,0.31735046959960456,0.21304992585269403,0.46959960454770144,0.3666253800522855
alzheimer,88.0,63.0,16.0,9.0,17252.0,12080.0,3149.0,2023.0,0.7002086714583816,0.1825295617899374,0.11726176675168097,4346.0,2950.0,4784.0,0.3597682119205298,0.24420529801324503,0.39602649006622515,992.0,703.0,1454.0,0.31502064147348363,0.22324547475389012,0.46173388377262625,642.0,431.0,950.0,0.31735046959960456,0.21304992585269403,0.46959960454770144,0.3666253800522855
alzheimer,88.0,64.0,15.0,9.0,17252.0,12504.0,2725.0,2023.0,0.7247855321122189,0.15795270113610016,0.11726176675168097,4345.0,2930.0,5229.0,0.3474888035828535,0.23432501599488165,0.41818618042226485,993.0,723.0,1009.0,0.3644036697247706,0.2653211009174312,0.37027522935779816,642.0,431.0,950.0,0.31735046959960456,0.21304992585269403,0.46959960454770144,0.3666253800522855
alzheimer,88.0,63.0,16.0,9.0,17252.0,12298.0,3237.0,1717.0,0.7128448875492697,0.18763041966148852,0.09952469278924182,4333.0,2855.0,5110.0,0.3523337127988291,0.2321515693608717,0.41551471784029925,990.0,792.0,1455.0,0.30583873957367935,0.24467099165894346,0.4494902687673772,657.0,437.0,623.0,0.38264414676761793,0.2545136866627839,0.3628421665695981,0.3428481975951201
alzheimer,88.0,63.0,16.0,9.0,17252.0,12086.0,3449.0,1717.0,0.700556457222351,0.19991884998840714,0.09952469278924182,4260.0,2777.0,5049.0,0.3524739367863644,0.22976998179712063,0.417756081416515,1063.0,870.0,1516.0,0.30820527689185273,0.25224702812409394,0.4395476949840533,657.0,437.0,623.0,0.38264414676761793,0.2545136866627839,0.3628421665695981,0.3428481975951201
alzheimer,88.0,63.0,16.0,9.0,17252.0,12560.0,2975.0,1717.0,0.7280315325759332,0.17244377463482494,0.09952469278924182,4038.0,3088.0,5434.0,0.3214968152866242,0.24585987261146497,0.4326433121019108,1285.0,559.0,1131.0,0.4319327731092437,0.18789915966386556,0.3801680672268908,657.0,437.0,623.0,0.38264414676761793,0.2545136866627839,0.3628421665695981,0.3428481975951201
alzheimer,88.0,63.0,16.0,9.0,17252.0,12386.0,3149.0,1717.0,0.7179457454208208,0.1825295617899374,0.09952469278924182,4331.0,2944.0,5111.0,0.3496689811077022,0.2376877119328274,0.4126433069594704,992.0,703.0,1454.0,0.31502064147348363,0.22324547475389012,0.46173388377262625,657.0,437.0,623.0,0.38264414676761793,0.2545136866627839,0.3628421665695981,0.3428481975951201
alzheimer,88.0,64.0,15.0,9.0,17252.0,12810.0,2725.0,1717.0,0.742522606074658,0.15795270113610016,0.09952469278924182,4330.0,2924.0,5556.0,0.33801717408274784,0.2282591725214676,0.43372365339578456,993.0,723.0,1009.0,0.3644036697247706,0.2653211009174312,0.37027522935779816,657.0,437.0,623.0,0.38264414676761793,0.2545136866627839,0.3628421665695981,0.3428481975951201
alzheimer,88.0,64.0,15.0,9.0,17252.0,12329.0,3102.0,1821.0,0.7146417806631116,0.17980523997217715,0.10555297936471134,4383.0,2846.0,5100.0,0.3555032849379512,0.23083786195149647,0.41365885311055234,990.0,792.0,1320.0,0.3191489361702128,0.2553191489361702,0.425531914893617,607.0,446.0,768.0,0.3333333333333333,0.24492037342119716,0.42174629324546953,0.34896703629418335
alzheimer,88.0,63.0,16.0,9.0,17252.0,12220.0,3211.0,1821.0,0.7083236726176675,0.18612334801762115,0.10555297936471134,4260.0,2991.0,4969.0,0.3486088379705401,0.24476268412438626,0.40662847790507367,1113.0,647.0,1451.0,0.3466209903456867,0.20149486141388975,0.45188414824042356,607.0,446.0,768.0,0.3333333333333333,0.24492037342119716,0.42174629324546953,0.34896703629418335
alzheimer,88.0,62.0,17.0,9.0,17252.0,12187.0,3244.0,1821.0,0.7064108509158359,0.1880361697194528,0.10555297936471134,4088.0,2865.0,5234.0,0.33543940264215966,0.2350865676540576,0.42947402970378273,1285.0,773.0,1186.0,0.39611590628853266,0.23828606658446363,0.3655980271270037,607.0,446.0,768.0,0.3333333333333333,0.24492037342119716,0.42174629324546953,0.34896703629418335
alzheimer,88.0,63.0,16.0,9.0,17252.0,12282.0,3149.0,1821.0,0.7119174588453513,0.1825295617899374,0.10555297936471134,4381.0,2935.0,4966.0,0.35670086305162024,0.23896759485425825,0.4043315420941215,992.0,703.0,1454.0,0.31502064147348363,0.22324547475389012,0.46173388377262625,607.0,446.0,768.0,0.3333333333333333,0.24492037342119716,0.42174629324546953,0.34896703629418335
alzheimer,88.0,64.0,15.0,9.0,17252.0,12706.0,2725.0,1821.0,0.7364943194991885,0.15795270113610016,0.10555297936471134,4380.0,2915.0,5411.0,0.3447190303793483,0.2294191720447033,0.4258617975759484,993.0,723.0,1009.0,0.3644036697247706,0.2653211009174312,0.37027522935779816,607.0,446.0,768.0,0.3333333333333333,0.24492037342119716,0.42174629324546953,0.34896703629418335
alzheimer,88.0,63.0,16.0,9.0,17252.0,12353.0,3237.0,1662.0,0.7160329237189891,0.18763041966148852,0.09633665661952237,4391.0,2753.0,5209.0,0.3554602120942281,0.22286084351979277,0.42167894438597914,990.0,792.0,1455.0,0.30583873957367935,0.24467099165894346,0.4494902687673772,599.0,539.0,524.0,0.36040914560770154,0.3243080625752106,0.31528279181708785,0.33447371050493724
alzheimer,88.0,63.0,16.0,9.0,17252.0,12321.0,3269.0,1662.0,0.7141780663111523,0.1894852770693253,0.09633665661952237,4268.0,2914.0,5139.0,0.3464004545085626,0.2365067770473176,0.4170927684441198,1113.0,631.0,1525.0,0.3404710920770878,0.19302539002753136,0.46650351789538086,599.0,539.0,524.0,0.36040914560770154,0.3243080625752106,0.31528279181708785,0.33447371050493724
alzheimer,88.0,63.0,16.0,9.0,17252.0,12380.0,3210.0,1662.0,0.7175979596568514,0.18606538372362624,0.09633665661952237,4088.0,2849.0,5443.0,0.3302100161550888,0.2301292407108239,0.43966074313408726,1293.0,696.0,1221.0,0.402803738317757,0.21682242990654205,0.38037383177570094,599.0,539.0,524.0,0.36040914560770154,0.3243080625752106,0.31528279181708785,0.33447371050493724
alzheimer,88.0,63.0,16.0,9.0,17252.0,12441.0,3149.0,1662.0,0.7211337815905402,0.1825295617899374,0.09633665661952237,4389.0,2842.0,5210.0,0.35278514588859416,0.22843822843822845,0.4187766256731774,992.0,703.0,1454.0,0.31502064147348363,0.22324547475389012,0.46173388377262625,599.0,539.0,524.0,0.36040914560770154,0.3243080625752106,0.31528279181708785,0.33447371050493724
alzheimer,88.0,64.0,15.0,9.0,17252.0,12865.0,2725.0,1662.0,0.7457106422443774,0.15795270113610016,0.09633665661952237,4388.0,2822.0,5655.0,0.34108045083560046,0.21935483870967742,0.4395647104547221,993.0,723.0,1009.0,0.3644036697247706,0.2653211009174312,0.37027522935779816,599.0,539.0,524.0,0.36040914560770154,0.3243080625752106,0.31528279181708785,0.33447371050493724
alzheimer,88.0,64.0,15.0,9.0,17252.0,12362.0,3102.0,1788.0,0.7165546023649432,0.17980523997217715,0.10364015766287966,4304.0,3003.0,5055.0,0.348163727552176,0.24292185730464327,0.4089144151431807,990.0,792.0,1320.0,0.3191489361702128,0.2553191489361702,0.425531914893617,686.0,289.0,813.0,0.383668903803132,0.1616331096196868,0.4546979865771812,0.38007734886816913
alzheimer,88.0,63.0,16.0,9.0,17252.0,12269.0,3195.0,1788.0,0.7111639230234176,0.18519591931370277,0.10364015766287966,4181.0,3164.0,4924.0,0.3407775694840655,0.25788572825821177,0.4013367022577227,1113.0,631.0,1451.0,0.3483568075117371,0.19749608763693272,0.4541471048513302,686.0,289.0,813.0,0.383668903803132,0.1616331096196868,0.4546979865771812,0.38007734886816913
alzheimer,88.0,62.0,17.0,9.0,17252.0,12093.0,3371.0,1788.0,0.7009622072803153,0.19539763505680502,0.10364015766287966,4088.0,2849.0,5156.0,0.33804680393616143,0.23559083767468783,0.42636235838915076,1206.0,946.0,1219.0,0.3577573420350044,0.28062889350341147,0.3616137644615841,686.0,289.0,813.0,0.383668903803132,0.1616331096196868,0.4546979865771812,0.38007734886816913
alzheimer,88.0,63.0,16.0,9.0,17252.0,12393.0,3071.0,1788.0,0.7183514954787851,0.17800834685833528,0.10364015766287966,4302.0,3092.0,4999.0,0.34713144517066086,0.2494956830468813,0.40337287178245784,992.0,703.0,1376.0,0.3230218169977206,0.2289156626506024,0.448062520351677,686.0,289.0,813.0,0.383668903803132,0.1616331096196868,0.4546979865771812,0.38007734886816913
alzheimer,88.0,64.0,15.0,9.0,17252.0,12739.0,2725.0,1788.0,0.7384071412010201,0.15795270113610016,0.10364015766287966,4301.0,3072.0,5366.0,0.33762461731690085,0.24114922678389197,0.42122615589920714,993.0,723.0,1009.0,0.3644036697247706,0.2653211009174312,0.37027522935779816,686.0,289.0,813.0,0.383668903803132,0.1616331096196868,0.4546979865771812,0.38007734886816913
alzheimer,88.0,63.0,16.0,9.0,17252.0,12262.0,3237.0,1753.0,0.7107581729654533,0.18763041966148852,0.1016114073730582,4408.0,2776.0,5078.0,0.3594845865274833,0.2263904746370902,0.4141249388354265,990.0,792.0,1455.0,0.30583873957367935,0.24467099165894346,0.4494902687673772,582.0,516.0,655.0,0.3320022818026241,0.29435253850541926,0.37364517969195665,0.3364796523537679
alzheimer,88.0,63.0,16.0,9.0,17252.0,12230.0,3269.0,1753.0,0.7089033155576165,0.1894852770693253,0.1016114073730582,4285.0,2937.0,5008.0,0.3503679476696648,0.2401471790678659,0.40948487326246935,1113.0,631.0,1525.0,0.3404710920770878,0.19302539002753136,0.46650351789538086,582.0,516.0,655.0,0.3320022818026241,0.29435253850541926,0.37364517969195665,0.3364796523537679
alzheimer,88.0,63.0,16.0,9.0,17252.0,12272.0,3227.0,1753.0,0.7113378159054022,0.18705077672153952,0.1016114073730582,4192.0,2777.0,5303.0,0.34159061277705344,0.22628748370273793,0.43212190352020863,1206.0,791.0,1230.0,0.3737217229625039,0.24511930585683298,0.38115897118066316,582.0,516.0,655.0,0.3320022818026241,0.29435253850541926,0.37364517969195665,0.3364796523537679
alzheimer,88.0,63.0,16.0,9.0,17252.0,12458.0,3041.0,1753.0,0.7221191745884535,0.17626941803848828,0.1016114073730582,4302.0,2937.0,5219.0,0.34532027612778937,0.23575212714721464,0.41892759672499597,1096.0,631.0,1314.0,0.36040776060506413,0.20749753370601776,0.4320947056889181,582.0,516.0,655.0,0.3320022818026241,0.29435253850541926,0.37364517969195665,0.3364796523537679
alzheimer,88.0,64.0,15.0,9.0,17252.0,12774.0,2725.0,1753.0,0.7404358914908417,0.15795270113610016,0.1016114073730582,4405.0,2845.0,5524.0,0.34484108345075937,0.22271802098011587,0.4324408955691248,993.0,723.0,1009.0,0.3644036697247706,0.2653211009174312,0.37027522935779816,582.0,516.0,655.0,0.3320022818026241,0.29435253850541926,0.37364517969195665,0.3364796523537679
alzheimer,88.0,64.0,16.0,8.0,17252.0,12564.0,3341.0,1347.0,0.7282633897519128,0.19365870623695802,0.07807790401112914,4341.0,2950.0,5273.0,0.3455109837631328,0.23479783508436802,0.4196911811524992,1229.0,792.0,1320.0,0.3678539359473212,0.23705477401975455,0.39509129003292426,410.0,342.0,595.0,0.30438010393466963,0.25389755011135856,0.4417223459539718,0.3522298445389105
alzheimer,88.0,64.0,16.0,8.0,17252.0,12751.0,3154.0,1347.0,0.739102712728959,0.1828193832599119,0.07807790401112914,4498.0,3111.0,5142.0,0.3527566465375265,0.24398086424594148,0.403262489216532,1072.0,631.0,1451.0,0.3398858592263792,0.20006341154090043,0.46005072923272033,410.0,342.0,595.0,0.30438010393466963,0.25389755011135856,0.4417223459539718,0.3522298445389105
alzheimer,88.0,63.0,17.0,8.0,17252.0,12537.0,3368.0,1347.0,0.7266983538140506,0.1952237421748203,0.07807790401112914,4345.0,2818.0,5374.0,0.3465741405439898,0.22477466698572227,0.42865119247028793,1225.0,924.0,1219.0,0.36371733966745845,0.27434679334916867,0.36193586698337293,410.0,342.0,595.0,0.30438010393466963,0.25389755011135856,0.4417223459539718,0.3522298445389105
alzheimer,88.0,64.0,16.0,8.0,17252.0,12845.0,3060.0,1347.0,0.7445513563644794,0.17737073962439137,0.07807790401112914,4519.0,3070.0,5256.0,0.3518100428182172,0.23900350330868042,0.4091864538731024,1051.0,672.0,1337.0,0.3434640522875817,0.2196078431372549,0.4369281045751634,410.0,342.0,595.0,0.30438010393466963,0.25389755011135856,0.4417223459539718,0.3522298445389105
alzheimer,88.0,65.0,15.0,8.0,17252.0,12923.0,2982.0,1347.0,0.7490725712960816,0.17284952469278925,0.07807790401112914,4577.0,3019.0,5327.0,0.35417472723051924,0.23361448580051072,0.41221078696897007,993.0,723.0,1266.0,0.3329979879275654,0.24245472837022133,0.4245472837022133,410.0,342.0,595.0,0.30438010393466963,0.25389755011135856,0.4417223459539718,0.3522298445389105
alzheimer,88.0,64.0,16.0,8.0,17252.0,12485.0,3210.0,1557.0,0.7236842105263158,0.18606538372362624,0.09025040575005797,4358.0,3005.0,5122.0,0.34905887064477376,0.2406888265919103,0.410252302763316,1038.0,717.0,1455.0,0.3233644859813084,0.22336448598130842,0.4532710280373832,584.0,362.0,611.0,0.37508028259473347,0.23249839434810532,0.3924213230571612,0.3487352165557251
alzheimer,88.0,64.0,16.0,8.0,17252.0,12309.0,3386.0,1557.0,0.7134824947832136,0.1962670994667285,0.09025040575005797,4342.0,2915.0,5052.0,0.352750020310342,0.23681858802502234,0.41043139166463566,1054.0,807.0,1525.0,0.3112817483756645,0.23833431777909037,0.4503839338452451,584.0,362.0,611.0,0.37508028259473347,0.23249839434810532,0.3924213230571612,0.3487352165557251
alzheimer,88.0,63.0,17.0,8.0,17252.0,12407.0,3288.0,1557.0,0.7191629955947136,0.19058659865522837,0.09025040575005797,4111.0,2949.0,5347.0,0.33134520835012493,0.23768840170871283,0.43096638994116226,1285.0,773.0,1230.0,0.39081508515815083,0.23509732360097324,0.3740875912408759,584.0,362.0,611.0,0.37508028259473347,0.23249839434810532,0.3924213230571612,0.3487352165557251
alzheimer,88.0,64.0,16.0,8.0,17252.0,12676.0,3019.0,1557.0,0.7347553906793415,0.1749942035706005,0.09025040575005797,4404.0,3019.0,5253.0,0.34742821079204794,0.23816661407384032,0.4144051751341117,992.0,703.0,1324.0,0.3285856243789334,0.23285856243789335,0.4385558131831732,584.0,362.0,611.0,0.37508028259473347,0.23249839434810532,0.3924213230571612,0.3487352165557251
alzheimer,88.0,65.0,15.0,8.0,17252.0,12903.0,2792.0,1557.0,0.7479132854161836,0.1618363088337584,0.09025040575005797,4369.0,3000.0,5534.0,0.3386034255599473,0.23250406882120436,0.42889250561884834,1027.0,722.0,1043.0,0.36783667621776506,0.25859598853868193,0.373567335243553,584.0,362.0,611.0,0.37508028259473347,0.23249839434810532,0.3924213230571612,0.3487352165557251
eyes,60.0,43.0,11.0,6.0,8520.0,6106.0,1562.0,852.0,0.7166666666666667,0.18333333333333332,0.1,3053.0,3053.0,0.0,0.5,0.5,0.0,781.0,781.0,0.0,0.5,0.5,0.0,426.0,426.0,0.0,0.5,0.5,0.0,0.5
eyes,60.0,43.0,11.0,6.0,8520.0,6106.0,1562.0,852.0,0.7166666666666667,0.18333333333333332,0.1,3053.0,3053.0,0.0,0.5,0.5,0.0,781.0,781.0,0.0,0.5,0.5,0.0,426.0,426.0,0.0,0.5,0.5,0.0,0.5
eyes,60.0,43.0,11.0,6.0,8520.0,6106.0,1562.0,852.0,0.7166666666666667,0.18333333333333332,0.1,3053.0,3053.0,0.0,0.5,0.5,0.0,781.0,781.0,0.0,0.5,0.5,0.0,426.0,426.0,0.0,0.5,0.5,0.0,0.5
eyes,60.0,43.0,11.0,6.0,8520.0,6106.0,1562.0,852.0,0.7166666666666667,0.18333333333333332,0.1,3053.0,3053.0,0.0,0.5,0.5,0.0,781.0,781.0,0.0,0.5,0.5,0.0,426.0,426.0,0.0,0.5,0.5,0.0,0.5
eyes,60.0,44.0,10.0,6.0,8520.0,6248.0,1420.0,852.0,0.7333333333333333,0.16666666666666666,0.1,3124.0,3124.0,0.0,0.5,0.5,0.0,710.0,710.0,0.0,0.5,0.5,0.0,426.0,426.0,0.0,0.5,0.5,0.0,0.5
eyes,60.0,43.0,11.0,6.0,8520.0,6106.0,1562.0,852.0,0.7166666666666667,0.18333333333333332,0.1,3053.0,3053.0,0.0,0.5,0.5,0.0,781.0,781.0,0.0,0.5,0.5,0.0,426.0,426.0,0.0,0.5,0.5,0.0,0.5
eyes,60.0,43.0,11.0,6.0,8520.0,6106.0,1562.0,852.0,0.7166666666666667,0.18333333333333332,0.1,3053.0,3053.0,0.0,0.5,0.5,0.0,781.0,781.0,0.0,0.5,0.5,0.0,426.0,426.0,0.0,0.5,0.5,0.0,0.5
eyes,60.0,43.0,11.0,6.0,8520.0,6106.0,1562.0,852.0,0.7166666666666667,0.18333333333333332,0.1,3053.0,3053.0,0.0,0.5,0.5,0.0,781.0,781.0,0.0,0.5,0.5,0.0,426.0,426.0,0.0,0.5,0.5,0.0,0.5
eyes,60.0,43.0,11.0,6.0,8520.0,6106.0,1562.0,852.0,0.7166666666666667,0.18333333333333332,0.1,3053.0,3053.0,0.0,0.5,0.5,0.0,781.0,781.0,0.0,0.5,0.5,0.0,426.0,426.0,0.0,0.5,0.5,0.0,0.5
eyes,60.0,44.0,10.0,6.0,8520.0,6248.0,1420.0,852.0,0.7333333333333333,0.16666666666666666,0.1,3124.0,3124.0,0.0,0.5,0.5,0.0,710.0,710.0,0.0,0.5,0.5,0.0,426.0,426.0,0.0,0.5,0.5,0.0,0.5
eyes,60.0,43.0,11.0,6.0,8520.0,6106.0,1562.0,852.0,0.7166666666666667,0.18333333333333332,0.1,3053.0,3053.0,0.0,0.5,0.5,0.0,781.0,781.0,0.0,0.5,0.5,0.0,426.0,426.0,0.0,0.5,0.5,0.0,0.5
eyes,60.0,43.0,11.0,6.0,8520.0,6106.0,1562.0,852.0,0.7166666666666667,0.18333333333333332,0.1,3053.0,3053.0,0.0,0.5,0.5,0.0,781.0,781.0,0.0,0.5,0.5,0.0,426.0,426.0,0.0,0.5,0.5,0.0,0.5
eyes,60.0,43.0,11.0,6.0,8520.0,6106.0,1562.0,852.0,0.7166666666666667,0.18333333333333332,0.1,3053.0,3053.0,0.0,0.5,0.5,0.0,781.0,781.0,0.0,0.5,0.5,0.0,426.0,426.0,0.0,0.5,0.5,0.0,0.5
eyes,60.0,43.0,11.0,6.0,8520.0,6106.0,1562.0,852.0,0.7166666666666667,0.18333333333333332,0.1,3053.0,3053.0,0.0,0.5,0.5,0.0,781.0,781.0,0.0,0.5,0.5,0.0,426.0,426.0,0.0,0.5,0.5,0.0,0.5
eyes,60.0,44.0,10.0,6.0,8520.0,6248.0,1420.0,852.0,0.7333333333333333,0.16666666666666666,0.1,3124.0,3124.0,0.0,0.5,0.5,0.0,710.0,710.0,0.0,0.5,0.5,0.0,426.0,426.0,0.0,0.5,0.5,0.0,0.5
eyes,60.0,43.0,11.0,6.0,8520.0,6106.0,1562.0,852.0,0.7166666666666667,0.18333333333333332,0.1,3053.0,3053.0,0.0,0.5,0.5,0.0,781.0,781.0,0.0,0.5,0.5,0.0,426.0,426.0,0.0,0.5,0.5,0.0,0.5
eyes,60.0,43.0,11.0,6.0,8520.0,6106.0,1562.0,852.0,0.7166666666666667,0.18333333333333332,0.1,3053.0,3053.0,0.0,0.5,0.5,0.0,781.0,781.0,0.0,0.5,0.5,0.0,426.0,426.0,0.0,0.5,0.5,0.0,0.5
eyes,60.0,43.0,11.0,6.0,8520.0,6106.0,1562.0,852.0,0.7166666666666667,0.18333333333333332,0.1,3053.0,3053.0,0.0,0.5,0.5,0.0,781.0,781.0,0.0,0.5,0.5,0.0,426.0,426.0,0.0,0.5,0.5,0.0,0.5
eyes,60.0,43.0,11.0,6.0,8520.0,6106.0,1562.0,852.0,0.7166666666666667,0.18333333333333332,0.1,3053.0,3053.0,0.0,0.5,0.5,0.0,781.0,781.0,0.0,0.5,0.5,0.0,426.0,426.0,0.0,0.5,0.5,0.0,0.5
eyes,60.0,44.0,10.0,6.0,8520.0,6248.0,1420.0,852.0,0.7333333333333333,0.16666666666666666,0.1,3124.0,3124.0,0.0,0.5,0.5,0.0,710.0,710.0,0.0,0.5,0.5,0.0,426.0,426.0,0.0,0.5,0.5,0.0,0.5
eyes,60.0,43.0,11.0,6.0,8520.0,6106.0,1562.0,852.0,0.7166666666666667,0.18333333333333332,0.1,3053.0,3053.0,0.0,0.5,0.5,0.0,781.0,781.0,0.0,0.5,0.5,0.0,426.0,426.0,0.0,0.5,0.5,0.0,0.5
eyes,60.0,43.0,11.0,6.0,8520.0,6106.0,1562.0,852.0,0.7166666666666667,0.18333333333333332,0.1,3053.0,3053.0,0.0,0.5,0.5,0.0,781.0,781.0,0.0,0.5,0.5,0.0,426.0,426.0,0.0,0.5,0.5,0.0,0.5
eyes,60.0,43.0,11.0,6.0,8520.0,6106.0,1562.0,852.0,0.7166666666666667,0.18333333333333332,0.1,3053.0,3053.0,0.0,0.5,0.5,0.0,781.0,781.0,0.0,0.5,0.5,0.0,426.0,426.0,0.0,0.5,0.5,0.0,0.5
eyes,60.0,43.0,11.0,6.0,8520.0,6106.0,1562.0,852.0,0.7166666666666667,0.18333333333333332,0.1,3053.0,3053.0,0.0,0.5,0.5,0.0,781.0,781.0,0.0,0.5,0.5,0.0,426.0,426.0,0.0,0.5,0.5,0.0,0.5
eyes,60.0,44.0,10.0,6.0,8520.0,6248.0,1420.0,852.0,0.7333333333333333,0.16666666666666666,0.1,3124.0,3124.0,0.0,0.5,0.5,0.0,710.0,710.0,0.0,0.5,0.5,0.0,426.0,426.0,0.0,0.5,0.5,0.0,0.5
eyes,60.0,43.0,11.0,6.0,8520.0,6106.0,1562.0,852.0,0.7166666666666667,0.18333333333333332,0.1,3053.0,3053.0,0.0,0.5,0.5,0.0,781.0,781.0,0.0,0.5,0.5,0.0,426.0,426.0,0.0,0.5,0.5,0.0,0.5
eyes,60.0,43.0,11.0,6.0,8520.0,6106.0,1562.0,852.0,0.7166666666666667,0.18333333333333332,0.1,3053.0,3053.0,0.0,0.5,0.5,0.0,781.0,781.0,0.0,0.5,0.5,0.0,426.0,426.0,0.0,0.5,0.5,0.0,0.5
eyes,60.0,43.0,11.0,6.0,8520.0,6106.0,1562.0,852.0,0.7166666666666667,0.18333333333333332,0.1,3053.0,3053.0,0.0,0.5,0.5,0.0,781.0,781.0,0.0,0.5,0.5,0.0,426.0,426.0,0.0,0.5,0.5,0.0,0.5
eyes,60.0,43.0,11.0,6.0,8520.0,6106.0,1562.0,852.0,0.7166666666666667,0.18333333333333332,0.1,3053.0,3053.0,0.0,0.5,0.5,0.0,781.0,781.0,0.0,0.5,0.5,0.0,426.0,426.0,0.0,0.5,0.5,0.0,0.5
eyes,60.0,44.0,10.0,6.0,8520.0,6248.0,1420.0,852.0,0.7333333333333333,0.16666666666666666,0.1,3124.0,3124.0,0.0,0.5,0.5,0.0,710.0,710.0,0.0,0.5,0.5,0.0,426.0,426.0,0.0,0.5,0.5,0.0,0.5
eyes,60.0,43.0,11.0,6.0,8520.0,6106.0,1562.0,852.0,0.7166666666666667,0.18333333333333332,0.1,3053.0,3053.0,0.0,0.5,0.5,0.0,781.0,781.0,0.0,0.5,0.5,0.0,426.0,426.0,0.0,0.5,0.5,0.0,0.5
eyes,60.0,43.0,11.0,6.0,8520.0,6106.0,1562.0,852.0,0.7166666666666667,0.18333333333333332,0.1,3053.0,3053.0,0.0,0.5,0.5,0.0,781.0,781.0,0.0,0.5,0.5,0.0,426.0,426.0,0.0,0.5,0.5,0.0,0.5
eyes,60.0,43.0,11.0,6.0,8520.0,6106.0,1562.0,852.0,0.7166666666666667,0.18333333333333332,0.1,3053.0,3053.0,0.0,0.5,0.5,0.0,781.0,781.0,0.0,0.5,0.5,0.0,426.0,426.0,0.0,0.5,0.5,0.0,0.5
eyes,60.0,43.0,11.0,6.0,8520.0,6106.0,1562.0,852.0,0.7166666666666667,0.18333333333333332,0.1,3053.0,3053.0,0.0,0.5,0.5,0.0,781.0,781.0,0.0,0.5,0.5,0.0,426.0,426.0,0.0,0.5,0.5,0.0,0.5
eyes,60.0,44.0,10.0,6.0,8520.0,6248.0,1420.0,852.0,0.7333333333333333,0.16666666666666666,0.1,3124.0,3124.0,0.0,0.5,0.5,0.0,710.0,710.0,0.0,0.5,0.5,0.0,426.0,426.0,0.0,0.5,0.5,0.0,0.5
eyes,60.0,43.0,11.0,6.0,8520.0,6106.0,1562.0,852.0,0.7166666666666667,0.18333333333333332,0.1,3053.0,3053.0,0.0,0.5,0.5,0.0,781.0,781.0,0.0,0.5,0.5,0.0,426.0,426.0,0.0,0.5,0.5,0.0,0.5
eyes,60.0,43.0,11.0,6.0,8520.0,6106.0,1562.0,852.0,0.7166666666666667,0.18333333333333332,0.1,3053.0,3053.0,0.0,0.5,0.5,0.0,781.0,781.0,0.0,0.5,0.5,0.0,426.0,426.0,0.0,0.5,0.5,0.0,0.5
eyes,60.0,43.0,11.0,6.0,8520.0,6106.0,1562.0,852.0,0.7166666666666667,0.18333333333333332,0.1,3053.0,3053.0,0.0,0.5,0.5,0.0,781.0,781.0,0.0,0.5,0.5,0.0,426.0,426.0,0.0,0.5,0.5,0.0,0.5
eyes,60.0,43.0,11.0,6.0,8520.0,6106.0,1562.0,852.0,0.7166666666666667,0.18333333333333332,0.1,3053.0,3053.0,0.0,0.5,0.5,0.0,781.0,781.0,0.0,0.5,0.5,0.0,426.0,426.0,0.0,0.5,0.5,0.0,0.5
eyes,60.0,44.0,10.0,6.0,8520.0,6248.0,1420.0,852.0,0.7333333333333333,0.16666666666666666,0.1,3124.0,3124.0,0.0,0.5,0.5,0.0,710.0,710.0,0.0,0.5,0.5,0.0,426.0,426.0,0.0,0.5,0.5,0.0,0.5
eyes,60.0,43.0,11.0,6.0,8520.0,6106.0,1562.0,852.0,0.7166666666666667,0.18333333333333332,0.1,3053.0,3053.0,0.0,0.5,0.5,0.0,781.0,781.0,0.0,0.5,0.5,0.0,426.0,426.0,0.0,0.5,0.5,0.0,0.5
eyes,60.0,43.0,11.0,6.0,8520.0,6106.0,1562.0,852.0,0.7166666666666667,0.18333333333333332,0.1,3053.0,3053.0,0.0,0.5,0.5,0.0,781.0,781.0,0.0,0.5,0.5,0.0,426.0,426.0,0.0,0.5,0.5,0.0,0.5
eyes,60.0,43.0,11.0,6.0,8520.0,6106.0,1562.0,852.0,0.7166666666666667,0.18333333333333332,0.1,3053.0,3053.0,0.0,0.5,0.5,0.0,781.0,781.0,0.0,0.5,0.5,0.0,426.0,426.0,0.0,0.5,0.5,0.0,0.5
eyes,60.0,43.0,11.0,6.0,8520.0,6106.0,1562.0,852.0,0.7166666666666667,0.18333333333333332,0.1,3053.0,3053.0,0.0,0.5,0.5,0.0,781.0,781.0,0.0,0.5,0.5,0.0,426.0,426.0,0.0,0.5,0.5,0.0,0.5
eyes,60.0,44.0,10.0,6.0,8520.0,6248.0,1420.0,852.0,0.7333333333333333,0.16666666666666666,0.1,3124.0,3124.0,0.0,0.5,0.5,0.0,710.0,710.0,0.0,0.5,0.5,0.0,426.0,426.0,0.0,0.5,0.5,0.0,0.5
eyes,60.0,43.0,11.0,6.0,8520.0,6106.0,1562.0,852.0,0.7166666666666667,0.18333333333333332,0.1,3053.0,3053.0,0.0,0.5,0.5,0.0,781.0,781.0,0.0,0.5,0.5,0.0,426.0,426.0,0.0,0.5,0.5,0.0,0.5
eyes,60.0,43.0,11.0,6.0,8520.0,6106.0,1562.0,852.0,0.7166666666666667,0.18333333333333332,0.1,3053.0,3053.0,0.0,0.5,0.5,0.0,781.0,781.0,0.0,0.5,0.5,0.0,426.0,426.0,0.0,0.5,0.5,0.0,0.5
eyes,60.0,43.0,11.0,6.0,8520.0,6106.0,1562.0,852.0,0.7166666666666667,0.18333333333333332,0.1,3053.0,3053.0,0.0,0.5,0.5,0.0,781.0,781.0,0.0,0.5,0.5,0.0,426.0,426.0,0.0,0.5,0.5,0.0,0.5
eyes,60.0,43.0,11.0,6.0,8520.0,6106.0,1562.0,852.0,0.7166666666666667,0.18333333333333332,0.1,3053.0,3053.0,0.0,0.5,0.5,0.0,781.0,781.0,0.0,0.5,0.5,0.0,426.0,426.0,0.0,0.5,0.5,0.0,0.5
eyes,60.0,44.0,10.0,6.0,8520.0,6248.0,1420.0,852.0,0.7333333333333333,0.16666666666666666,0.1,3124.0,3124.0,0.0,0.5,0.5,0.0,710.0,710.0,0.0,0.5,0.5,0.0,426.0,426.0,0.0,0.5,0.5,0.0,0.5
parkinson,60.0,43.0,11.0,6.0,8608.0,6212.0,1540.0,856.0,0.7216542750929368,0.17890334572490707,0.09944237918215613,3133.0,3079.0,0.0,0.5043464262717321,0.49565357372826785,0.0,677.0,863.0,0.0,0.4396103896103896,0.5603896103896104,0.0,533.0,323.0,0.0,0.6226635514018691,0.3773364485981308,0.0,0.530092693685038
parkinson,60.0,43.0,11.0,6.0,8608.0,6194.0,1558.0,856.0,0.7195631970260223,0.18099442379182157,0.09944237918215613,2941.0,3253.0,0.0,0.4748143364546335,0.5251856635453664,0.0,869.0,689.0,0.0,0.5577663671373556,0.44223363286264444,0.0,533.0,323.0,0.0,0.6226635514018691,0.3773364485981308,0.0,0.530092693685038
parkinson,60.0,43.0,11.0,6.0,8608.0,6080.0,1672.0,856.0,0.7063197026022305,0.19423791821561337,0.09944237918215613,3008.0,3072.0,0.0,0.49473684210526314,0.5052631578947369,0.0,802.0,870.0,0.0,0.4796650717703349,0.5203349282296651,0.0,533.0,323.0,0.0,0.6226635514018691,0.3773364485981308,0.0,0.530092693685038
parkinson,60.0,43.0,11.0,6.0,8608.0,6284.0,1468.0,856.0,0.7300185873605948,0.17053903345724908,0.09944237918215613,2981.0,3303.0,0.0,0.47437937619350734,0.5256206238064927,0.0,829.0,639.0,0.0,0.5647138964577657,0.43528610354223435,0.0,533.0,323.0,0.0,0.6226635514018691,0.3773364485981308,0.0,0.530092693685038
parkinson,60.0,44.0,10.0,6.0,8608.0,6238.0,1514.0,856.0,0.7246747211895911,0.1758828996282528,0.09944237918215613,3177.0,3061.0,0.0,0.5092978518756012,0.49070214812439883,0.0,633.0,881.0,0.0,0.4180977542932629,0.5819022457067371,0.0,533.0,323.0,0.0,0.6226635514018691,0.3773364485981308,0.0,0.530092693685038
parkinson,60.0,43.0,11.0,6.0,8608.0,5956.0,1751.0,901.0,0.6919144981412639,0.20341542750929367,0.10467007434944238,3133.0,2823.0,0.0,0.5260241773002015,0.47397582269979854,0.0,861.0,890.0,0.0,0.49171901770416904,0.508280982295831,0.0,349.0,552.0,0.0,0.3873473917869034,0.6126526082130965,0.0,0.5253812202744268
parkinson,60.0,43.0,11.0,6.0,8608.0,6196.0,1511.0,901.0,0.7197955390334573,0.17553438661710039,0.10467007434944238,3125.0,3071.0,0.0,0.5043576500968366,0.4956423499031633,0.0,869.0,642.0,0.0,0.5751158173395102,0.4248841826604897,0.0,349.0,552.0,0.0,0.3873473917869034,0.6126526082130965,0.0,0.5253812202744268
parkinson,60.0,43.0,11.0,6.0,8608.0,6035.0,1672.0,901.0,0.7010920074349443,0.19423791821561337,0.10467007434944238,3192.0,2843.0,0.0,0.5289146644573323,0.4710853355426678,0.0,802.0,870.0,0.0,0.4796650717703349,0.5203349282296651,0.0,349.0,552.0,0.0,0.3873473917869034,0.6126526082130965,0.0,0.5253812202744268
parkinson,60.0,43.0,11.0,6.0,8608.0,6239.0,1468.0,901.0,0.7247908921933085,0.17053903345724908,0.10467007434944238,3165.0,3074.0,0.0,0.5072928353902869,0.4927071646097131,0.0,829.0,639.0,0.0,0.5647138964577657,0.43528610354223435,0.0,349.0,552.0,0.0,0.3873473917869034,0.6126526082130965,0.0,0.5253812202744268
parkinson,60.0,44.0,10.0,6.0,8608.0,6402.0,1305.0,901.0,0.7437267657992565,0.15160315985130113,0.10467007434944238,3361.0,3041.0,0.0,0.5249921899406436,0.47500781005935644,0.0,633.0,672.0,0.0,0.4850574712643678,0.5149425287356322,0.0,349.0,552.0,0.0,0.3873473917869034,0.6126526082130965,0.0,0.5253812202744268
parkinson,60.0,43.0,11.0,6.0,8608.0,6153.0,1580.0,875.0,0.7148001858736059,0.18355018587360594,0.1016496282527881,3125.0,3028.0,0.0,0.5078823338209004,0.49211766617909963,0.0,709.0,871.0,0.0,0.4487341772151899,0.5512658227848102,0.0,509.0,366.0,0.0,0.5817142857142857,0.41828571428571426,0.0,0.5133544489795918
parkinson,60.0,43.0,11.0,6.0,8608.0,6183.0,1550.0,875.0,0.7182853159851301,0.1800650557620818,0.1016496282527881,2973.0,3210.0,0.0,0.48083454633672973,0.5191654536632703,0.0,861.0,689.0,0.0,0.555483870967742,0.44451612903225807,0.0,509.0,366.0,0.0,0.5817142857142857,0.41828571428571426,0.0,0.5133544489795918
parkinson,60.0,43.0,11.0,6.0,8608.0,6061.0,1672.0,875.0,0.7041124535315985,0.19423791821561337,0.1016496282527881,3032.0,3029.0,0.0,0.5002474839135456,0.4997525160864544,0.0,802.0,870.0,0.0,0.4796650717703349,0.5203349282296651,0.0,509.0,366.0,0.0,0.5817142857142857,0.41828571428571426,0.0,0.5133544489795918
parkinson,60.0,43.0,11.0,6.0,8608.0,6265.0,1468.0,875.0,0.7278113382899628,0.17053903345724908,0.1016496282527881,3005.0,3260.0,0.0,0.4796488427773344,0.5203511572226656,0.0,829.0,639.0,0.0,0.5647138964577657,0.43528610354223435,0.0,509.0,366.0,0.0,0.5817142857142857,0.41828571428571426,0.0,0.5133544489795918
parkinson,60.0,44.0,10.0,6.0,8608.0,6270.0,1463.0,875.0,0.7283921933085502,0.1699581784386617,0.1016496282527881,3201.0,3069.0,0.0,0.5105263157894737,0.48947368421052634,0.0,633.0,830.0,0.0,0.43267259056732743,0.5673274094326726,0.0,509.0,366.0,0.0,0.5817142857142857,0.41828571428571426,0.0,0.5133544489795918
parkinson,60.0,43.0,11.0,6.0,8608.0,6017.0,1754.0,837.0,0.6990009293680297,0.2037639405204461,0.09723513011152417,3175.0,2842.0,0.0,0.5276715971414326,0.4723284028585674,0.0,839.0,915.0,0.0,0.47833523375142534,0.5216647662485747,0.0,329.0,508.0,0.0,0.3930704898446834,0.6069295101553166,0.0,0.5228678402841119
parkinson,60.0,43.0,11.0,6.0,8608.0,6245.0,1526.0,837.0,0.7254879182156134,0.17727695167286245,0.09723513011152417,3149.0,3096.0,0.0,0.5042433947157726,0.4957566052842274,0.0,865.0,661.0,0.0,0.5668414154652687,0.43315858453473133,0.0,329.0,508.0,0.0,0.3930704898446834,0.6069295101553166,0.0,0.5228678402841119
parkinson,60.0,43.0,11.0,6.0,8608.0,6096.0,1675.0,837.0,0.70817843866171,0.1945864312267658,0.09723513011152417,3209.0,2887.0,0.0,0.5264107611548556,0.47358923884514437,0.0,805.0,870.0,0.0,0.48059701492537316,0.5194029850746269,0.0,329.0,508.0,0.0,0.3930704898446834,0.6069295101553166,0.0,0.5228678402841119
parkinson,60.0,43.0,11.0,6.0,8608.0,6304.0,1467.0,837.0,0.7323420074349443,0.1704228624535316,0.09723513011152417,3186.0,3118.0,0.0,0.5053934010152284,0.49460659898477155,0.0,828.0,639.0,0.0,0.5644171779141104,0.43558282208588955,0.0,329.0,508.0,0.0,0.3930704898446834,0.6069295101553166,0.0,0.5228678402841119
parkinson,60.0,44.0,10.0,6.0,8608.0,6422.0,1349.0,837.0,0.7460501858736059,0.15671468401486988,0.09723513011152417,3337.0,3085.0,0.0,0.519620056057303,0.48037994394269695,0.0,677.0,672.0,0.0,0.5018532246108228,0.4981467753891772,0.0,329.0,508.0,0.0,0.3930704898446834,0.6069295101553166,0.0,0.5228678402841119
parkinson,60.0,43.0,11.0,6.0,8608.0,6037.0,1627.0,944.0,0.7013243494423792,0.18901022304832713,0.10966542750929369,3005.0,3032.0,0.0,0.4977637899619016,0.5022362100380984,0.0,709.0,918.0,0.0,0.43577135832821146,0.5642286416717885,0.0,629.0,315.0,0.0,0.6663135593220338,0.3336864406779661,0.0,0.5553204000287273
parkinson,60.0,43.0,11.0,6.0,8608.0,6137.0,1527.0,944.0,0.7129414498141264,0.17739312267657992,0.10966542750929369,2880.0,3257.0,0.0,0.4692846667752974,0.5307153332247027,0.0,834.0,693.0,0.0,0.5461689587426326,0.4538310412573674,0.0,629.0,315.0,0.0,0.6663135593220338,0.3336864406779661,0.0,0.5553204000287273
parkinson,60.0,43.0,11.0,6.0,8608.0,6085.0,1579.0,944.0,0.7069005576208178,0.18343401486988847,0.10966542750929369,3005.0,3080.0,0.0,0.4938373048479869,0.5061626951520132,0.0,709.0,870.0,0.0,0.4490183660544648,0.5509816339455351,0.0,629.0,315.0,0.0,0.6663135593220338,0.3336864406779661,0.0,0.5553204000287273
parkinson,60.0,43.0,11.0,6.0,8608.0,6196.0,1468.0,944.0,0.7197955390334573,0.17053903345724908,0.10966542750929369,2885.0,3311.0,0.0,0.4656229825693996,0.5343770174306004,0.0,829.0,639.0,0.0,0.5647138964577657,0.43528610354223435,0.0,629.0,315.0,0.0,0.6663135593220338,0.3336864406779661,0.0,0.5553204000287273
parkinson,60.0,44.0,10.0,6.0,8608.0,6201.0,1463.0,944.0,0.7203763940520446,0.1699581784386617,0.10966542750929369,3081.0,3120.0,0.0,0.4968553459119497,0.5031446540880503,0.0,633.0,830.0,0.0,0.43267259056732743,0.5673274094326726,0.0,629.0,315.0,0.0,0.6663135593220338,0.3336864406779661,0.0,0.5553204000287273
parkinson,60.0,43.0,11.0,6.0,8608.0,6003.0,1754.0,851.0,0.6973745353159851,0.2037639405204461,0.09886152416356878,3168.0,2835.0,0.0,0.527736131934033,0.47226386806596704,0.0,839.0,915.0,0.0,0.47833523375142534,0.5216647662485747,0.0,336.0,515.0,0.0,0.39482961222091656,0.6051703877790834,0.0,0.5221216209312055
parkinson,60.0,43.0,11.0,6.0,8608.0,6249.0,1508.0,851.0,0.7259526022304833,0.17518587360594795,0.09886152416356878,3168.0,3081.0,0.0,0.5069611137782045,0.4930388862217955,0.0,839.0,669.0,0.0,0.5563660477453581,0.4436339522546419,0.0,336.0,515.0,0.0,0.39482961222091656,0.6051703877790834,0.0,0.5221216209312055
parkinson,60.0,43.0,11.0,6.0,8608.0,6078.0,1679.0,851.0,0.7060873605947955,0.19505111524163568,0.09886152416356878,3183.0,2895.0,0.0,0.5236920039486673,0.47630799605133267,0.0,824.0,855.0,0.0,0.49076831447290054,0.5092316855270994,0.0,336.0,515.0,0.0,0.39482961222091656,0.6051703877790834,0.0,0.5221216209312055
parkinson,60.0,43.0,11.0,6.0,8608.0,6290.0,1467.0,851.0,0.7307156133828996,0.1704228624535316,0.09886152416356878,3179.0,3111.0,0.0,0.5054054054054054,0.4945945945945946,0.0,828.0,639.0,0.0,0.5644171779141104,0.43558282208588955,0.0,336.0,515.0,0.0,0.39482961222091656,0.6051703877790834,0.0,0.5221216209312055
parkinson,60.0,44.0,10.0,6.0,8608.0,6408.0,1349.0,851.0,0.7444237918215614,0.15671468401486988,0.09886152416356878,3330.0,3078.0,0.0,0.5196629213483146,0.4803370786516854,0.0,677.0,672.0,0.0,0.5018532246108228,0.4981467753891772,0.0,336.0,515.0,0.0,0.39482961222091656,0.6051703877790834,0.0,0.5221216209312055
parkinson,60.0,43.0,11.0,6.0,8608.0,6090.0,1627.0,891.0,0.7074814126394052,0.18901022304832713,0.10350836431226766,3099.0,2991.0,0.0,0.5088669950738917,0.4911330049261084,0.0,709.0,918.0,0.0,0.43577135832821146,0.5642286416717885,0.0,535.0,356.0,0.0,0.6004489337822672,0.3995510662177329,0.0,0.5201799765959887
parkinson,60.0,43.0,11.0,6.0,8608.0,6201.0,1516.0,891.0,0.7203763940520446,0.17611524163568773,0.10350836431226766,2974.0,3227.0,0.0,0.4796000645057249,0.5203999354942751,0.0,834.0,682.0,0.0,0.5501319261213721,0.449868073878628,0.0,535.0,356.0,0.0,0.6004489337822672,0.3995510662177329,0.0,0.5201799765959887
parkinson,60.0,43.0,11.0,6.0,8608.0,6071.0,1646.0,891.0,0.7052741635687733,0.19121747211895912,0.10350836431226766,3002.0,3069.0,0.0,0.4944819634327129,0.5055180365672871,0.0,806.0,840.0,0.0,0.4896719319562576,0.5103280680437424,0.0,535.0,356.0,0.0,0.6004489337822672,0.3995510662177329,0.0,0.5201799765959887
parkinson,60.0,43.0,11.0,6.0,8608.0,6252.0,1465.0,891.0,0.7263011152416357,0.17019052044609664,0.10350836431226766,2982.0,3270.0,0.0,0.47696737044145876,0.5230326295585412,0.0,826.0,639.0,0.0,0.5638225255972696,0.43617747440273036,0.0,535.0,356.0,0.0,0.6004489337822672,0.3995510662177329,0.0,0.5201799765959887
parkinson,60.0,44.0,10.0,6.0,8608.0,6254.0,1463.0,891.0,0.7265334572490706,0.1699581784386617,0.10350836431226766,3175.0,3079.0,0.0,0.5076750879437161,0.492324912056284,0.0,633.0,830.0,0.0,0.43267259056732743,0.5673274094326726,0.0,535.0,356.0,0.0,0.6004489337822672,0.3995510662177329,0.0,0.5201799765959887
parkinson,60.0,43.0,11.0,6.0,8608.0,6061.0,1754.0,793.0,0.7041124535315985,0.2037639405204461,0.09212360594795539,3219.0,2842.0,0.0,0.5311004784688995,0.4688995215311005,0.0,839.0,915.0,0.0,0.47833523375142534,0.5216647662485747,0.0,285.0,508.0,0.0,0.3593947036569987,0.6406052963430012,0.0,0.5395396987194063
parkinson,60.0,43.0,11.0,6.0,8608.0,6307.0,1508.0,793.0,0.7326905204460966,0.17518587360594795,0.09212360594795539,3219.0,3088.0,0.0,0.5103852861899477,0.48961471381005234,0.0,839.0,669.0,0.0,0.5563660477453581,0.4436339522546419,0.0,285.0,508.0,0.0,0.3593947036569987,0.6406052963430012,0.0,0.5395396987194063
parkinson,60.0,43.0,11.0,6.0,8608.0,6170.0,1645.0,793.0,0.716775092936803,0.19110130111524162,0.09212360594795539,3243.0,2927.0,0.0,0.5256077795786062,0.47439222042139384,0.0,815.0,830.0,0.0,0.49544072948328266,0.5045592705167173,0.0,285.0,508.0,0.0,0.3593947036569987,0.6406052963430012,0.0,0.5395396987194063
parkinson,60.0,43.0,11.0,6.0,8608.0,6256.0,1559.0,793.0,0.7267657992565055,0.18111059479553904,0.09212360594795539,3170.0,3086.0,0.0,0.5067135549872123,0.49328644501278773,0.0,888.0,671.0,0.0,0.5695958948043618,0.4304041051956382,0.0,285.0,508.0,0.0,0.3593947036569987,0.6406052963430012,0.0,0.5395396987194063
parkinson,60.0,44.0,10.0,6.0,8608.0,6466.0,1349.0,793.0,0.7511617100371747,0.15671468401486988,0.09212360594795539,3381.0,3085.0,0.0,0.5228889576244974,0.4771110423755026,0.0,677.0,672.0,0.0,0.5018532246108228,0.4981467753891772,0.0,285.0,508.0,0.0,0.3593947036569987,0.6406052963430012,0.0,0.5395396987194063
parkinson,60.0,43.0,11.0,6.0,8608.0,6142.0,1627.0,839.0,0.7135223048327137,0.18901022304832713,0.0974674721189591,3110.0,3032.0,0.0,0.5063497232171931,0.49365027678280693,0.0,709.0,918.0,0.0,0.43577135832821146,0.5642286416717885,0.0,524.0,315.0,0.0,0.6245530393325387,0.37544696066746125,0.0,0.5310269192139458
parkinson,60.0,43.0,11.0,6.0,8608.0,6253.0,1516.0,839.0,0.7264172862453532,0.17611524163568773,0.0974674721189591,2985.0,3268.0,0.0,0.4773708619862466,0.5226291380137534,0.0,834.0,682.0,0.0,0.5501319261213721,0.449868073878628,0.0,524.0,315.0,0.0,0.6245530393325387,0.37544696066746125,0.0,0.5310269192139458
parkinson,60.0,43.0,11.0,6.0,8608.0,6098.0,1671.0,839.0,0.708410780669145,0.1941217472118959,0.0974674721189591,3013.0,3085.0,0.0,0.49409642505739587,0.5059035749426042,0.0,806.0,865.0,0.0,0.4823459006582885,0.5176540993417116,0.0,524.0,315.0,0.0,0.6245530393325387,0.37544696066746125,0.0,0.5310269192139458
parkinson,60.0,43.0,11.0,6.0,8608.0,6243.0,1526.0,839.0,0.7252555762081785,0.17727695167286245,0.0974674721189591,2948.0,3295.0,0.0,0.47220887393881145,0.5277911260611885,0.0,871.0,655.0,0.0,0.5707732634338138,0.4292267365661861,0.0,524.0,315.0,0.0,0.6245530393325387,0.37544696066746125,0.0,0.5310269192139458
parkinson,60.0,44.0,10.0,6.0,8608.0,6340.0,1429.0,839.0,0.7365241635687733,0.16600836431226765,0.0974674721189591,3220.0,3120.0,0.0,0.5078864353312302,0.4921135646687697,0.0,599.0,830.0,0.0,0.4191742477256823,0.5808257522743177,0.0,524.0,315.0,0.0,0.6245530393325387,0.37544696066746125,0.0,0.5310269192139458
parkinson,60.0,43.0,11.0,6.0,8608.0,6083.0,1704.0,821.0,0.7066682156133829,0.1979553903345725,0.09537639405204461,3190.0,2893.0,0.0,0.5244122965641953,0.4755877034358047,0.0,839.0,865.0,0.0,0.4923708920187793,0.5076291079812206,0.0,314.0,507.0,0.0,0.38246041412911086,0.6175395858708892,0.0,0.5276311084934002
parkinson,60.0,43.0,11.0,6.0,8608.0,6306.0,1481.0,821.0,0.7325743494423792,0.1720492565055762,0.09537639405204461,3190.0,3116.0,0.0,0.5058674278464954,0.4941325721535046,0.0,839.0,642.0,0.0,0.5665091154625254,0.4334908845374747,0.0,314.0,507.0,0.0,0.38246041412911086,0.6175395858708892,0.0,0.5276311084934002
parkinson,60.0,43.0,11.0,6.0,8608.0,6102.0,1685.0,821.0,0.7088754646840149,0.19574814126394052,0.09537639405204461,3214.0,2888.0,0.0,0.5267125532612258,0.47328744673877415,0.0,815.0,870.0,0.0,0.4836795252225519,0.516320474777448,0.0,314.0,507.0,0.0,0.38246041412911086,0.6175395858708892,0.0,0.5276311084934002
parkinson,60.0,43.0,11.0,6.0,8608.0,6318.0,1469.0,821.0,0.7339684014869888,0.17065520446096655,0.09537639405204461,3199.0,3119.0,0.0,0.5063311174422286,0.49366888255777147,0.0,830.0,639.0,0.0,0.5650102110279102,0.43498978897208984,0.0,314.0,507.0,0.0,0.38246041412911086,0.6175395858708892,0.0,0.5276311084934002
parkinson,60.0,44.0,10.0,6.0,8608.0,6339.0,1448.0,821.0,0.7364079925650557,0.16821561338289961,0.09537639405204461,3323.0,3016.0,0.0,0.5242151758952516,0.47578482410474837,0.0,706.0,742.0,0.0,0.48756906077348067,0.5124309392265194,0.0,314.0,507.0,0.0,0.38246041412911086,0.6175395858708892,0.0,0.5276311084934002
motorimagery,106.0,76.0,19.0,11.0,4748.0,3403.0,852.0,493.0,0.7167228306655434,0.17944397641112048,0.10383319292333615,1724.0,1679.0,0.0,0.5066118131060828,0.4933881868939171,0.0,426.0,426.0,0.0,0.5,0.5,0.0,246.0,247.0,0.0,0.49898580121703856,0.5010141987829615,0.0,0.5000020571983428
motorimagery,106.0,76.0,19.0,11.0,4748.0,3400.0,855.0,493.0,0.7160909856781803,0.18007582139848358,0.10383319292333615,1718.0,1682.0,0.0,0.5052941176470588,0.49470588235294116,0.0,432.0,423.0,0.0,0.5052631578947369,0.49473684210526314,0.0,246.0,247.0,0.0,0.49898580121703856,0.5010141987829615,0.0,0.5000020571983428
motorimagery,106.0,76.0,19.0,11.0,4748.0,3401.0,854.0,493.0,0.716301600673968,0.17986520640269588,0.10383319292333615,1714.0,1687.0,0.0,0.5039694207586004,0.4960305792413996,0.0,436.0,418.0,0.0,0.5105386416861827,0.4894613583138173,0.0,246.0,247.0,0.0,0.49898580121703856,0.5010141987829615,0.0,0.5000020571983428
motorimagery,106.0,76.0,19.0,11.0,4748.0,3408.0,847.0,493.0,0.7177759056444819,0.17839090143218198,0.10383319292333615,1724.0,1684.0,0.0,0.505868544600939,0.49413145539906106,0.0,426.0,421.0,0.0,0.5029515938606848,0.4970484061393152,0.0,246.0,247.0,0.0,0.49898580121703856,0.5010141987829615,0.0,0.5000020571983428
motorimagery,106.0,76.0,19.0,11.0,4748.0,3408.0,847.0,493.0,0.7177759056444819,0.17839090143218198,0.10383319292333615,1720.0,1688.0,0.0,0.5046948356807511,0.4953051643192488,0.0,430.0,417.0,0.0,0.5076741440377804,0.4923258559622196,0.0,246.0,247.0,0.0,0.49898580121703856,0.5010141987829615,0.0,0.5000020571983428
motorimagery,106.0,76.0,19.0,11.0,4748.0,3403.0,850.0,495.0,0.7167228306655434,0.17902274641954508,0.10425442291491153,1724.0,1679.0,0.0,0.5066118131060828,0.4933881868939171,0.0,426.0,424.0,0.0,0.5011764705882353,0.4988235294117647,0.0,246.0,249.0,0.0,0.49696969696969695,0.503030303030303,0.0,0.5000183654729109
motorimagery,106.0,76.0,19.0,11.0,4748.0,3398.0,855.0,495.0,0.7156697556866048,0.18007582139848358,0.10425442291491153,1718.0,1680.0,0.0,0.505591524426133,0.49440847557386697,0.0,432.0,423.0,0.0,0.5052631578947369,0.49473684210526314,0.0,246.0,249.0,0.0,0.49696969696969695,0.503030303030303,0.0,0.5000183654729109
motorimagery,106.0,76.0,19.0,11.0,4748.0,3399.0,854.0,495.0,0.7158803706823926,0.17986520640269588,0.10425442291491153,1714.0,1685.0,0.0,0.5042659605766402,0.4957340394233598,0.0,436.0,418.0,0.0,0.5105386416861827,0.4894613583138173,0.0,246.0,249.0,0.0,0.49696969696969695,0.503030303030303,0.0,0.5000183654729109
motorimagery,106.0,76.0,19.0,11.0,4748.0,3406.0,847.0,495.0,0.7173546756529064,0.17839090143218198,0.10425442291491153,1724.0,1682.0,0.0,0.5061655901350558,0.4938344098649442,0.0,426.0,421.0,0.0,0.5029515938606848,0.4970484061393152,0.0,246.0,249.0,0.0,0.49696969696969695,0.503030303030303,0.0,0.5000183654729109
motorimagery,106.0,76.0,19.0,11.0,4748.0,3406.0,847.0,495.0,0.7173546756529064,0.17839090143218198,0.10425442291491153,1720.0,1686.0,0.0,0.5049911920140928,0.49500880798590724,0.0,430.0,417.0,0.0,0.5076741440377804,0.4923258559622196,0.0,246.0,249.0,0.0,0.49696969696969695,0.503030303030303,0.0,0.5000183654729109
motorimagery,106.0,76.0,19.0,11.0,4748.0,3403.0,853.0,492.0,0.7167228306655434,0.17965459140690818,0.10362257792754845,1722.0,1681.0,0.0,0.5060240963855421,0.4939759036144578,0.0,425.0,428.0,0.0,0.49824150058616645,0.5017584994138335,0.0,249.0,243.0,0.0,0.5060975609756098,0.49390243902439024,0.0,0.5000743604997026
motorimagery,106.0,76.0,19.0,11.0,4748.0,3401.0,855.0,492.0,0.716301600673968,0.18007582139848358,0.10362257792754845,1717.0,1684.0,0.0,0.5048515142605117,0.4951484857394884,0.0,430.0,425.0,0.0,0.5029239766081871,0.49707602339181284,0.0,249.0,243.0,0.0,0.5060975609756098,0.49390243902439024,0.0,0.5000743604997026
motorimagery,106.0,76.0,19.0,11.0,4748.0,3402.0,854.0,492.0,0.7165122156697556,0.17986520640269588,0.10362257792754845,1711.0,1691.0,0.0,0.5029394473838918,0.49706055261610815,0.0,436.0,418.0,0.0,0.5105386416861827,0.4894613583138173,0.0,249.0,243.0,0.0,0.5060975609756098,0.49390243902439024,0.0,0.5000743604997026
motorimagery,106.0,76.0,19.0,11.0,4748.0,3409.0,847.0,492.0,0.7179865206402696,0.17839090143218198,0.10362257792754845,1721.0,1688.0,0.0,0.5048401290701086,0.49515987092989144,0.0,426.0,421.0,0.0,0.5029515938606848,0.4970484061393152,0.0,249.0,243.0,0.0,0.5060975609756098,0.49390243902439024,0.0,0.5000743604997026
motorimagery,106.0,76.0,19.0,11.0,4748.0,3409.0,847.0,492.0,0.7179865206402696,0.17839090143218198,0.10362257792754845,1717.0,1692.0,0.0,0.5036667644470519,0.49633323555294806,0.0,430.0,417.0,0.0,0.5076741440377804,0.4923258559622196,0.0,249.0,243.0,0.0,0.5060975609756098,0.49390243902439024,0.0,0.5000743604997026
motorimagery,106.0,77.0,19.0,10.0,4748.0,3445.0,853.0,450.0,0.7255686604886268,0.17965459140690818,0.09477674810446504,1746.0,1699.0,0.0,0.5068214804063861,0.4931785195936139,0.0,425.0,428.0,0.0,0.49824150058616645,0.5017584994138335,0.0,225.0,225.0,0.0,0.5,0.5,0.0,0.5
motorimagery,106.0,77.0,19.0,10.0,4748.0,3446.0,852.0,450.0,0.7257792754844145,0.17944397641112048,0.09477674810446504,1740.0,1706.0,0.0,0.5049332559489262,0.4950667440510737,0.0,431.0,421.0,0.0,0.505868544600939,0.49413145539906106,0.0,225.0,225.0,0.0,0.5,0.5,0.0,0.5
motorimagery,106.0,77.0,19.0,10.0,4748.0,3444.0,854.0,450.0,0.7253580454928391,0.17986520640269588,0.09477674810446504,1736.0,1708.0,0.0,0.5040650406504065,0.4959349593495935,0.0,435.0,419.0,0.0,0.509367681498829,0.49063231850117095,0.0,225.0,225.0,0.0,0.5,0.5,0.0,0.5
motorimagery,106.0,76.0,20.0,10.0,4748.0,3406.0,892.0,450.0,0.7173546756529064,0.18786857624262848,0.09477674810446504,1721.0,1685.0,0.0,0.5052847915443335,0.49471520845566647,0.0,450.0,442.0,0.0,0.5044843049327354,0.49551569506726456,0.0,225.0,225.0,0.0,0.5,0.5,0.0,0.5
motorimagery,106.0,77.0,19.0,10.0,4748.0,3451.0,847.0,450.0,0.726832350463353,0.17839090143218198,0.09477674810446504,1741.0,1710.0,0.0,0.504491451753115,0.49550854824688495,0.0,430.0,417.0,0.0,0.5076741440377804,0.4923258559622196,0.0,225.0,225.0,0.0,0.5,0.5,0.0,0.5
motorimagery,106.0,76.0,19.0,11.0,4748.0,3400.0,853.0,495.0,0.7160909856781803,0.17965459140690818,0.10425442291491153,1718.0,1682.0,0.0,0.5052941176470588,0.49470588235294116,0.0,425.0,428.0,0.0,0.49824150058616645,0.5017584994138335,0.0,253.0,242.0,0.0,0.5111111111111111,0.4888888888888889,0.0,0.5002469135802469
motorimagery,106.0,76.0,19.0,11.0,4748.0,3401.0,852.0,495.0,0.716301600673968,0.17944397641112048,0.10425442291491153,1714.0,1687.0,0.0,0.5039694207586004,0.4960305792413996,0.0,429.0,423.0,0.0,0.5035211267605634,0.4964788732394366,0.0,253.0,242.0,0.0,0.5111111111111111,0.4888888888888889,0.0,0.5002469135802469
motorimagery,106.0,76.0,19.0,11.0,4748.0,3399.0,854.0,495.0,0.7158803706823926,0.17986520640269588,0.10425442291491153,1710.0,1689.0,0.0,0.5030891438658429,0.4969108561341571,0.0,433.0,421.0,0.0,0.5070257611241218,0.4929742388758782,0.0,253.0,242.0,0.0,0.5111111111111111,0.4888888888888889,0.0,0.5002469135802469
motorimagery,106.0,76.0,19.0,11.0,4748.0,3406.0,847.0,495.0,0.7173546756529064,0.17839090143218198,0.10425442291491153,1717.0,1689.0,0.0,0.5041103934233705,0.4958896065766295,0.0,426.0,421.0,0.0,0.5029515938606848,0.4970484061393152,0.0,253.0,242.0,0.0,0.5111111111111111,0.4888888888888889,0.0,0.5002469135802469
motorimagery,106.0,76.0,19.0,11.0,4748.0,3406.0,847.0,495.0,0.7173546756529064,0.17839090143218198,0.10425442291491153,1713.0,1693.0,0.0,0.5029359953024075,0.4970640046975925,0.0,430.0,417.0,0.0,0.5076741440377804,0.4923258559622196,0.0,253.0,242.0,0.0,0.5111111111111111,0.4888888888888889,0.0,0.5002469135802469
motorimagery,106.0,77.0,19.0,10.0,4748.0,3446.0,853.0,449.0,0.7257792754844145,0.17965459140690818,0.09456613310867734,1743.0,1703.0,0.0,0.5058038305281486,0.4941961694718514,0.0,425.0,428.0,0.0,0.49824150058616645,0.5017584994138335,0.0,228.0,221.0,0.0,0.5077951002227171,0.4922048997772829,0.0,0.5001215271749644
motorimagery,106.0,77.0,19.0,10.0,4748.0,3447.0,852.0,449.0,0.7259898904802022,0.17944397641112048,0.09456613310867734,1739.0,1708.0,0.0,0.5044966637655933,0.49550333623440673,0.0,429.0,423.0,0.0,0.5035211267605634,0.4964788732394366,0.0,228.0,221.0,0.0,0.5077951002227171,0.4922048997772829,0.0,0.5001215271749644
motorimagery,106.0,77.0,19.0,10.0,4748.0,3444.0,855.0,449.0,0.7253580454928391,0.18007582139848358,0.09456613310867734,1734.0,1710.0,0.0,0.5034843205574913,0.4965156794425087,0.0,434.0,421.0,0.0,0.5076023391812865,0.49239766081871345,0.0,228.0,221.0,0.0,0.5077951002227171,0.4922048997772829,0.0,0.5001215271749644
motorimagery,106.0,76.0,20.0,10.0,4748.0,3407.0,892.0,449.0,0.7175652906486942,0.18786857624262848,0.09456613310867734,1718.0,1689.0,0.0,0.5042559436454359,0.49574405635456414,0.0,450.0,442.0,0.0,0.5044843049327354,0.49551569506726456,0.0,228.0,221.0,0.0,0.5077951002227171,0.4922048997772829,0.0,0.5001215271749644
motorimagery,106.0,77.0,19.0,10.0,4748.0,3452.0,847.0,449.0,0.7270429654591407,0.17839090143218198,0.09456613310867734,1738.0,1714.0,0.0,0.503476245654693,0.49652375434530704,0.0,430.0,417.0,0.0,0.5076741440377804,0.4923258559622196,0.0,228.0,221.0,0.0,0.5077951002227171,0.4922048997772829,0.0,0.5001215271749644
motorimagery,106.0,76.0,19.0,11.0,4748.0,3405.0,853.0,490.0,0.7171440606571188,0.17965459140690818,0.10320134793597305,1724.0,1681.0,0.0,0.5063142437591777,0.49368575624082234,0.0,425.0,428.0,0.0,0.49824150058616645,0.5017584994138335,0.0,247.0,243.0,0.0,0.5040816326530613,0.4959183673469388,0.0,0.5000333194502291
motorimagery,106.0,76.0,19.0,11.0,4748.0,3406.0,852.0,490.0,0.7173546756529064,0.17944397641112048,0.10320134793597305,1720.0,1686.0,0.0,0.5049911920140928,0.49500880798590724,0.0,429.0,423.0,0.0,0.5035211267605634,0.4964788732394366,0.0,247.0,243.0,0.0,0.5040816326530613,0.4959183673469388,0.0,0.5000333194502291
motorimagery,106.0,76.0,19.0,11.0,4748.0,3403.0,855.0,490.0,0.7167228306655434,0.18007582139848358,0.10320134793597305,1717.0,1686.0,0.0,0.5045548045841904,0.49544519541580956,0.0,432.0,423.0,0.0,0.5052631578947369,0.49473684210526314,0.0,247.0,243.0,0.0,0.5040816326530613,0.4959183673469388,0.0,0.5000333194502291
motorimagery,106.0,76.0,19.0,11.0,4748.0,3407.0,851.0,490.0,0.7175652906486942,0.17923336141533278,0.10320134793597305,1716.0,1691.0,0.0,0.5036689169357206,0.4963310830642794,0.0,433.0,418.0,0.0,0.5088131609870741,0.491186839012926,0.0,247.0,243.0,0.0,0.5040816326530613,0.4959183673469388,0.0,0.5000333194502291
motorimagery,106.0,76.0,19.0,11.0,4748.0,3411.0,847.0,490.0,0.718407750631845,0.17839090143218198,0.10320134793597305,1719.0,1692.0,0.0,0.503957783641161,0.49604221635883905,0.0,430.0,417.0,0.0,0.5076741440377804,0.4923258559622196,0.0,247.0,243.0,0.0,0.5040816326530613,0.4959183673469388,0.0,0.5000333194502291
motorimagery,106.0,77.0,19.0,10.0,4748.0,3448.0,853.0,447.0,0.7262005054759899,0.17965459140690818,0.09414490311710194,1744.0,1704.0,0.0,0.505800464037123,0.494199535962877,0.0,425.0,428.0,0.0,0.49824150058616645,0.5017584994138335,0.0,227.0,220.0,0.0,0.5078299776286354,0.49217002237136465,0.0,0.5001226170993298
motorimagery,106.0,77.0,19.0,10.0,4748.0,3449.0,852.0,447.0,0.7264111204717776,0.17944397641112048,0.09414490311710194,1740.0,1709.0,0.0,0.5044940562481879,0.4955059437518121,0.0,429.0,423.0,0.0,0.5035211267605634,0.4964788732394366,0.0,227.0,220.0,0.0,0.5078299776286354,0.49217002237136465,0.0,0.5001226170993298
motorimagery,106.0,77.0,19.0,10.0,4748.0,3446.0,855.0,447.0,0.7257792754844145,0.18007582139848358,0.09414490311710194,1737.0,1709.0,0.0,0.504062681369704,0.495937318630296,0.0,432.0,423.0,0.0,0.5052631578947369,0.49473684210526314,0.0,227.0,220.0,0.0,0.5078299776286354,0.49217002237136465,0.0,0.5001226170993298
motorimagery,106.0,76.0,20.0,10.0,4748.0,3407.0,894.0,447.0,0.7175652906486942,0.18828980623420388,0.09414490311710194,1716.0,1691.0,0.0,0.5036689169357206,0.4963310830642794,0.0,453.0,441.0,0.0,0.5067114093959731,0.49328859060402686,0.0,227.0,220.0,0.0,0.5078299776286354,0.49217002237136465,0.0,0.5001226170993298
motorimagery,106.0,77.0,19.0,10.0,4748.0,3454.0,847.0,447.0,0.7274641954507161,0.17839090143218198,0.09414490311710194,1739.0,1715.0,0.0,0.5034742327735958,0.4965257672264042,0.0,430.0,417.0,0.0,0.5076741440377804,0.4923258559622196,0.0,227.0,220.0,0.0,0.5078299776286354,0.49217002237136465,0.0,0.5001226170993298
motorimagery,106.0,76.0,19.0,11.0,4748.0,3406.0,853.0,489.0,0.7173546756529064,0.17965459140690818,0.10299073294018535,1721.0,1685.0,0.0,0.5052847915443335,0.49471520845566647,0.0,425.0,428.0,0.0,0.49824150058616645,0.5017584994138335,0.0,250.0,239.0,0.0,0.5112474437627812,0.4887525562372188,0.0,0.5002530099823939
motorimagery,106.0,76.0,19.0,11.0,4748.0,3407.0,852.0,489.0,0.7175652906486942,0.17944397641112048,0.10299073294018535,1717.0,1690.0,0.0,0.5039624302905782,0.49603756970942176,0.0,429.0,423.0,0.0,0.5035211267605634,0.4964788732394366,0.0,250.0,239.0,0.0,0.5112474437627812,0.4887525562372188,0.0,0.5002530099823939
motorimagery,106.0,76.0,19.0,11.0,4748.0,3404.0,855.0,489.0,0.7169334456613311,0.18007582139848358,0.10299073294018535,1714.0,1690.0,0.0,0.5035252643948296,0.4964747356051704,0.0,432.0,423.0,0.0,0.5052631578947369,0.49473684210526314,0.0,250.0,239.0,0.0,0.5112474437627812,0.4887525562372188,0.0,0.5002530099823939
motorimagery,106.0,76.0,19.0,11.0,4748.0,3410.0,849.0,489.0,0.7181971356360572,0.17881213142375738,0.10299073294018535,1716.0,1694.0,0.0,0.5032258064516129,0.4967741935483871,0.0,430.0,419.0,0.0,0.5064782096584217,0.49352179034157834,0.0,250.0,239.0,0.0,0.5112474437627812,0.4887525562372188,0.0,0.5002530099823939
motorimagery,106.0,76.0,19.0,11.0,4748.0,3409.0,850.0,489.0,0.7179865206402696,0.17902274641954508,0.10299073294018535,1716.0,1693.0,0.0,0.5033734232912878,0.49662657670871224,0.0,430.0,420.0,0.0,0.5058823529411764,0.49411764705882355,0.0,250.0,239.0,0.0,0.5112474437627812,0.4887525562372188,0.0,0.5002530099823939
motorimagery,106.0,77.0,19.0,10.0,4748.0,3447.0,853.0,448.0,0.7259898904802022,0.17965459140690818,0.09435551811288964,1746.0,1701.0,0.0,0.5065274151436031,0.4934725848563969,0.0,425.0,428.0,0.0,0.49824150058616645,0.5017584994138335,0.0,225.0,223.0,0.0,0.5022321428571429,0.49776785714285715,0.0,0.5000099649234695
motorimagery,106.0,77.0,19.0,10.0,4748.0,3448.0,852.0,448.0,0.7262005054759899,0.17944397641112048,0.09435551811288964,1742.0,1706.0,0.0,0.5052204176334106,0.4947795823665893,0.0,429.0,423.0,0.0,0.5035211267605634,0.4964788732394366,0.0,225.0,223.0,0.0,0.5022321428571429,0.49776785714285715,0.0,0.5000099649234695
motorimagery,106.0,77.0,19.0,10.0,4748.0,3445.0,855.0,448.0,0.7255686604886268,0.18007582139848358,0.09435551811288964,1739.0,1706.0,0.0,0.504789550072569,0.4952104499274311,0.0,432.0,423.0,0.0,0.5052631578947369,0.49473684210526314,0.0,225.0,223.0,0.0,0.5022321428571429,0.49776785714285715,0.0,0.5000099649234695
motorimagery,106.0,76.0,20.0,10.0,4748.0,3406.0,894.0,448.0,0.7173546756529064,0.18828980623420388,0.09435551811288964,1717.0,1689.0,0.0,0.5041103934233705,0.4958896065766295,0.0,454.0,440.0,0.0,0.5078299776286354,0.49217002237136465,0.0,225.0,223.0,0.0,0.5022321428571429,0.49776785714285715,0.0,0.5000099649234695
motorimagery,106.0,77.0,19.0,10.0,4748.0,3454.0,846.0,448.0,0.7274641954507161,0.17818028643639428,0.09435551811288964,1740.0,1714.0,0.0,0.5037637521713955,0.49623624782860454,0.0,431.0,415.0,0.0,0.5094562647754137,0.4905437352245863,0.0,225.0,223.0,0.0,0.5022321428571429,0.49776785714285715,0.0,0.5000099649234695
sleep,71.0,51.0,13.0,7.0,9914.0,7090.0,1830.0,994.0,0.7151502925156344,0.18458745208795643,0.10026225539640912,3538.0,3552.0,0.0,0.4990126939351199,0.5009873060648801,0.0,923.0,907.0,0.0,0.5043715846994535,0.49562841530054647,0.0,497.0,497.0,0.0,0.5,0.5,0.0,0.5
sleep,71.0,51.0,13.0,7.0,9914.0,7095.0,1825.0,994.0,0.7156546298164213,0.18408311478716965,0.10026225539640912,3551.0,3544.0,0.0,0.5004933051444679,0.49950669485553206,0.0,910.0,915.0,0.0,0.4986301369863014,0.5013698630136987,0.0,497.0,497.0,0.0,0.5,0.5,0.0,0.5
sleep,71.0,51.0,13.0,7.0,9914.0,7179.0,1741.0,994.0,0.7241274964696389,0.17561024813395198,0.10026225539640912,3608.0,3571.0,0.0,0.5025769605794679,0.4974230394205321,0.0,853.0,888.0,0.0,0.48994830557151064,0.5100516944284894,0.0,497.0,497.0,0.0,0.5,0.5,0.0,0.5
sleep,71.0,51.0,13.0,7.0,9914.0,7089.0,1831.0,994.0,0.7150494250554771,0.18468831954811377,0.10026225539640912,3538.0,3551.0,0.0,0.4990830864719989,0.5009169135280012,0.0,923.0,908.0,0.0,0.5040961223375204,0.4959038776624795,0.0,497.0,497.0,0.0,0.5,0.5,0.0,0.5
sleep,71.0,52.0,12.0,7.0,9914.0,7227.0,1693.0,994.0,0.7289691345571918,0.17076861004639904,0.10026225539640912,3609.0,3618.0,0.0,0.49937733499377335,0.5006226650062267,0.0,852.0,841.0,0.0,0.503248670998228,0.496751329001772,0.0,497.0,497.0,0.0,0.5,0.5,0.0,0.5
sleep,71.0,51.0,13.0,7.0,9914.0,7090.0,1846.0,978.0,0.7151502925156344,0.18620133145047407,0.09864837603389147,3538.0,3552.0,0.0,0.4990126939351199,0.5009873060648801,0.0,923.0,923.0,0.0,0.5,0.5,0.0,497.0,481.0,0.0,0.5081799591002045,0.4918200408997955,0.0,0.500133823461762
sleep,71.0,51.0,13.0,7.0,9914.0,7111.0,1825.0,978.0,0.7172685091789389,0.18408311478716965,0.09864837603389147,3551.0,3560.0,0.0,0.4993671776121502,0.5006328223878498,0.0,910.0,915.0,0.0,0.4986301369863014,0.5013698630136987,0.0,497.0,481.0,0.0,0.5081799591002045,0.4918200408997955,0.0,0.500133823461762
sleep,71.0,51.0,13.0,7.0,9914.0,7195.0,1741.0,978.0,0.7257413758321566,0.17561024813395198,0.09864837603389147,3608.0,3587.0,0.0,0.5014593467685893,0.4985406532314107,0.0,853.0,888.0,0.0,0.48994830557151064,0.5100516944284894,0.0,497.0,481.0,0.0,0.5081799591002045,0.4918200408997955,0.0,0.500133823461762
sleep,71.0,51.0,13.0,7.0,9914.0,7105.0,1831.0,978.0,0.7166633044179948,0.18468831954811377,0.09864837603389147,3538.0,3567.0,0.0,0.49795918367346936,0.5020408163265306,0.0,923.0,908.0,0.0,0.5040961223375204,0.4959038776624795,0.0,497.0,481.0,0.0,0.5081799591002045,0.4918200408997955,0.0,0.500133823461762
sleep,71.0,52.0,12.0,7.0,9914.0,7243.0,1693.0,978.0,0.7305830139197095,0.17076861004639904,0.09864837603389147,3609.0,3634.0,0.0,0.49827419577523124,0.5017258042247688,0.0,852.0,841.0,0.0,0.503248670998228,0.496751329001772,0.0,497.0,481.0,0.0,0.5081799591002045,0.4918200408997955,0.0,0.500133823461762
sleep,71.0,51.0,13.0,7.0,9914.0,7090.0,1830.0,994.0,0.7151502925156344,0.18458745208795643,0.10026225539640912,3538.0,3552.0,0.0,0.4990126939351199,0.5009873060648801,0.0,923.0,907.0,0.0,0.5043715846994535,0.49562841530054647,0.0,497.0,497.0,0.0,0.5,0.5,0.0,0.5
sleep,71.0,51.0,13.0,7.0,9914.0,7095.0,1825.0,994.0,0.7156546298164213,0.18408311478716965,0.10026225539640912,3551.0,3544.0,0.0,0.5004933051444679,0.49950669485553206,0.0,910.0,915.0,0.0,0.4986301369863014,0.5013698630136987,0.0,497.0,497.0,0.0,0.5,0.5,0.0,0.5
sleep,71.0,51.0,13.0,7.0,9914.0,7179.0,1741.0,994.0,0.7241274964696389,0.17561024813395198,0.10026225539640912,3608.0,3571.0,0.0,0.5025769605794679,0.4974230394205321,0.0,853.0,888.0,0.0,0.48994830557151064,0.5100516944284894,0.0,497.0,497.0,0.0,0.5,0.5,0.0,0.5
sleep,71.0,51.0,13.0,7.0,9914.0,7089.0,1831.0,994.0,0.7150494250554771,0.18468831954811377,0.10026225539640912,3538.0,3551.0,0.0,0.4990830864719989,0.5009169135280012,0.0,923.0,908.0,0.0,0.5040961223375204,0.4959038776624795,0.0,497.0,497.0,0.0,0.5,0.5,0.0,0.5
sleep,71.0,52.0,12.0,7.0,9914.0,7227.0,1693.0,994.0,0.7289691345571918,0.17076861004639904,0.10026225539640912,3609.0,3618.0,0.0,0.49937733499377335,0.5006226650062267,0.0,852.0,841.0,0.0,0.503248670998228,0.496751329001772,0.0,497.0,497.0,0.0,0.5,0.5,0.0,0.5
sleep,71.0,51.0,13.0,7.0,9914.0,7103.0,1830.0,981.0,0.71646156949768,0.18458745208795643,0.09895097841436352,3551.0,3552.0,0.0,0.4999296072082219,0.5000703927917781,0.0,923.0,907.0,0.0,0.5043715846994535,0.49562841530054647,0.0,484.0,497.0,0.0,0.49337410805300713,0.5066258919469928,0.0,0.5000878048881864
sleep,71.0,51.0,13.0,7.0,9914.0,7095.0,1838.0,981.0,0.7156546298164213,0.18539439176921524,0.09895097841436352,3551.0,3544.0,0.0,0.5004933051444679,0.49950669485553206,0.0,923.0,915.0,0.0,0.5021762785636561,0.49782372143634385,0.0,484.0,497.0,0.0,0.49337410805300713,0.5066258919469928,0.0,0.5000878048881864
sleep,71.0,51.0,13.0,7.0,9914.0,7192.0,1741.0,981.0,0.7254387734516845,0.17561024813395198,0.09895097841436352,3621.0,3571.0,0.0,0.503476084538376,0.496523915461624,0.0,853.0,888.0,0.0,0.48994830557151064,0.5100516944284894,0.0,484.0,497.0,0.0,0.49337410805300713,0.5066258919469928,0.0,0.5000878048881864
sleep,71.0,51.0,13.0,7.0,9914.0,7102.0,1831.0,981.0,0.7163607020375227,0.18468831954811377,0.09895097841436352,3551.0,3551.0,0.0,0.5,0.5,0.0,923.0,908.0,0.0,0.5040961223375204,0.4959038776624795,0.0,484.0,497.0,0.0,0.49337410805300713,0.5066258919469928,0.0,0.5000878048881864
sleep,71.0,52.0,12.0,7.0,9914.0,7240.0,1693.0,981.0,0.7302804115392374,0.17076861004639904,0.09895097841436352,3622.0,3618.0,0.0,0.5002762430939226,0.49972375690607734,0.0,852.0,841.0,0.0,0.503248670998228,0.496751329001772,0.0,484.0,497.0,0.0,0.49337410805300713,0.5066258919469928,0.0,0.5000878048881864
sleep,71.0,51.0,13.0,7.0,9914.0,7098.0,1830.0,986.0,0.7159572321968933,0.18458745208795643,0.09945531571515029,3538.0,3560.0,0.0,0.4984502676810369,0.501549732318963,0.0,923.0,907.0,0.0,0.5043715846994535,0.49562841530054647,0.0,497.0,489.0,0.0,0.5040567951318459,0.49594320486815413,0.0,0.5000329151734836
sleep,71.0,51.0,13.0,7.0,9914.0,7095.0,1833.0,986.0,0.7156546298164213,0.1848900544684285,0.09945531571515029,3551.0,3544.0,0.0,0.5004933051444679,0.49950669485553206,0.0,910.0,923.0,0.0,0.49645390070921985,0.5035460992907801,0.0,497.0,489.0,0.0,0.5040567951318459,0.49594320486815413,0.0,0.5000329151734836
sleep,71.0,51.0,13.0,7.0,9914.0,7187.0,1741.0,986.0,0.7249344361508977,0.17561024813395198,0.09945531571515029,3608.0,3579.0,0.0,0.5020175316543759,0.49798246834562404,0.0,853.0,888.0,0.0,0.48994830557151064,0.5100516944284894,0.0,497.0,489.0,0.0,0.5040567951318459,0.49594320486815413,0.0,0.5000329151734836
sleep,71.0,51.0,13.0,7.0,9914.0,7097.0,1831.0,986.0,0.715856364736736,0.18468831954811377,0.09945531571515029,3538.0,3559.0,0.0,0.498520501620403,0.501479498379597,0.0,923.0,908.0,0.0,0.5040961223375204,0.4959038776624795,0.0,497.0,489.0,0.0,0.5040567951318459,0.49594320486815413,0.0,0.5000329151734836
sleep,71.0,52.0,12.0,7.0,9914.0,7235.0,1693.0,986.0,0.7297760742384507,0.17076861004639904,0.09945531571515029,3609.0,3626.0,0.0,0.49882515549412576,0.5011748445058742,0.0,852.0,841.0,0.0,0.503248670998228,0.496751329001772,0.0,497.0,489.0,0.0,0.5040567951318459,0.49594320486815413,0.0,0.5000329151734836
sleep,71.0,51.0,13.0,7.0,9914.0,7195.0,1830.0,889.0,0.7257413758321566,0.18458745208795643,0.08967117207988703,3608.0,3587.0,0.0,0.5014593467685893,0.4985406532314107,0.0,923.0,907.0,0.0,0.5043715846994535,0.49562841530054647,0.0,427.0,462.0,0.0,0.48031496062992124,0.5196850393700787,0.0,0.500775001550003
sleep,71.0,51.0,13.0,7.0,9914.0,7192.0,1833.0,889.0,0.7254387734516845,0.1848900544684285,0.08967117207988703,3621.0,3571.0,0.0,0.503476084538376,0.496523915461624,0.0,910.0,923.0,0.0,0.49645390070921985,0.5035460992907801,0.0,427.0,462.0,0.0,0.48031496062992124,0.5196850393700787,0.0,0.500775001550003
sleep,71.0,51.0,13.0,7.0,9914.0,7187.0,1838.0,889.0,0.7249344361508977,0.18539439176921524,0.08967117207988703,3608.0,3579.0,0.0,0.5020175316543759,0.49798246834562404,0.0,923.0,915.0,0.0,0.5021762785636561,0.49782372143634385,0.0,427.0,462.0,0.0,0.48031496062992124,0.5196850393700787,0.0,0.500775001550003
sleep,71.0,51.0,13.0,7.0,9914.0,7194.0,1831.0,889.0,0.7256405083719992,0.18468831954811377,0.08967117207988703,3608.0,3586.0,0.0,0.5015290519877675,0.4984709480122324,0.0,923.0,908.0,0.0,0.5040961223375204,0.4959038776624795,0.0,427.0,462.0,0.0,0.48031496062992124,0.5196850393700787,0.0,0.500775001550003
sleep,71.0,52.0,12.0,7.0,9914.0,7332.0,1693.0,889.0,0.739560217873714,0.17076861004639904,0.08967117207988703,3679.0,3653.0,0.0,0.50177304964539,0.49822695035460995,0.0,852.0,841.0,0.0,0.503248670998228,0.496751329001772,0.0,427.0,462.0,0.0,0.48031496062992124,0.5196850393700787,0.0,0.500775001550003
sleep,71.0,51.0,13.0,7.0,9914.0,7089.0,1830.0,995.0,0.7150494250554771,0.18458745208795643,0.10036312285656647,3538.0,3551.0,0.0,0.4990830864719989,0.5009169135280012,0.0,923.0,907.0,0.0,0.5043715846994535,0.49562841530054647,0.0,497.0,498.0,0.0,0.4994974874371859,0.5005025125628141,0.0,0.5000005050377516
sleep,71.0,51.0,13.0,7.0,9914.0,7086.0,1833.0,995.0,0.714746822675005,0.1848900544684285,0.10036312285656647,3551.0,3535.0,0.0,0.5011289867344059,0.49887101326559413,0.0,910.0,923.0,0.0,0.49645390070921985,0.5035460992907801,0.0,497.0,498.0,0.0,0.4994974874371859,0.5005025125628141,0.0,0.5000005050377516
sleep,71.0,51.0,13.0,7.0,9914.0,7170.0,1749.0,995.0,0.7232196893282227,0.17641718781521082,0.10036312285656647,3608.0,3562.0,0.0,0.503207810320781,0.49679218967921895,0.0,853.0,896.0,0.0,0.48770726129216696,0.5122927387078331,0.0,497.0,498.0,0.0,0.4994974874371859,0.5005025125628141,0.0,0.5000005050377516
sleep,71.0,51.0,13.0,7.0,9914.0,7105.0,1814.0,995.0,0.7166633044179948,0.18297357272543877,0.10036312285656647,3538.0,3567.0,0.0,0.49795918367346936,0.5020408163265306,0.0,923.0,891.0,0.0,0.5088202866593164,0.49117971334068355,0.0,497.0,498.0,0.0,0.4994974874371859,0.5005025125628141,0.0,0.5000005050377516
sleep,71.0,52.0,12.0,7.0,9914.0,7226.0,1693.0,995.0,0.7288682670970345,0.17076861004639904,0.10036312285656647,3609.0,3617.0,0.0,0.49944644339883754,0.5005535566011625,0.0,852.0,841.0,0.0,0.503248670998228,0.496751329001772,0.0,497.0,498.0,0.0,0.4994974874371859,0.5005025125628141,0.0,0.5000005050377516
sleep,71.0,51.0,13.0,7.0,9914.0,7106.0,1830.0,978.0,0.7167641718781521,0.18458745208795643,0.09864837603389147,3538.0,3568.0,0.0,0.4978891077962285,0.5021108922037715,0.0,923.0,907.0,0.0,0.5043715846994535,0.49562841530054647,0.0,497.0,481.0,0.0,0.5081799591002045,0.4918200408997955,0.0,0.500133823461762
sleep,71.0,51.0,13.0,7.0,9914.0,7103.0,1833.0,978.0,0.71646156949768,0.1848900544684285,0.09864837603389147,3551.0,3552.0,0.0,0.4999296072082219,0.5000703927917781,0.0,910.0,923.0,0.0,0.49645390070921985,0.5035460992907801,0.0,497.0,481.0,0.0,0.5081799591002045,0.4918200408997955,0.0,0.500133823461762
sleep,71.0,51.0,13.0,7.0,9914.0,7187.0,1749.0,978.0,0.7249344361508977,0.17641718781521082,0.09864837603389147,3608.0,3579.0,0.0,0.5020175316543759,0.49798246834562404,0.0,853.0,896.0,0.0,0.48770726129216696,0.5122927387078331,0.0,497.0,481.0,0.0,0.5081799591002045,0.4918200408997955,0.0,0.500133823461762
sleep,71.0,51.0,13.0,7.0,9914.0,7105.0,1831.0,978.0,0.7166633044179948,0.18468831954811377,0.09864837603389147,3538.0,3567.0,0.0,0.49795918367346936,0.5020408163265306,0.0,923.0,908.0,0.0,0.5040961223375204,0.4959038776624795,0.0,497.0,481.0,0.0,0.5081799591002045,0.4918200408997955,0.0,0.500133823461762
sleep,71.0,52.0,12.0,7.0,9914.0,7243.0,1693.0,978.0,0.7305830139197095,0.17076861004639904,0.09864837603389147,3609.0,3634.0,0.0,0.49827419577523124,0.5017258042247688,0.0,852.0,841.0,0.0,0.503248670998228,0.496751329001772,0.0,497.0,481.0,0.0,0.5081799591002045,0.4918200408997955,0.0,0.500133823461762
sleep,71.0,50.0,13.0,8.0,9914.0,6950.0,1830.0,1134.0,0.701028848093605,0.18458745208795643,0.11438369981843857,3467.0,3483.0,0.0,0.49884892086330934,0.5011510791366907,0.0,923.0,907.0,0.0,0.5043715846994535,0.49562841530054647,0.0,568.0,566.0,0.0,0.5008818342151675,0.4991181657848324,0.0,0.500001555263166
sleep,71.0,50.0,13.0,8.0,9914.0,6947.0,1833.0,1134.0,0.7007262457131329,0.1848900544684285,0.11438369981843857,3480.0,3467.0,0.0,0.5009356556787102,0.49906434432128977,0.0,910.0,923.0,0.0,0.49645390070921985,0.5035460992907801,0.0,568.0,566.0,0.0,0.5008818342151675,0.4991181657848324,0.0,0.500001555263166
sleep,71.0,51.0,12.0,8.0,9914.0,7173.0,1607.0,1134.0,0.7235222917086948,0.16209400847286665,0.11438369981843857,3608.0,3565.0,0.0,0.5029973511780287,0.49700264882197126,0.0,782.0,825.0,0.0,0.4866210329807094,0.5133789670192906,0.0,568.0,566.0,0.0,0.5008818342151675,0.4991181657848324,0.0,0.500001555263166
sleep,71.0,50.0,13.0,8.0,9914.0,6949.0,1831.0,1134.0,0.7009279806334476,0.18468831954811377,0.11438369981843857,3467.0,3482.0,0.0,0.4989207080155418,0.5010792919844582,0.0,923.0,908.0,0.0,0.5040961223375204,0.4959038776624795,0.0,568.0,566.0,0.0,0.5008818342151675,0.4991181657848324,0.0,0.500001555263166
sleep,71.0,51.0,12.0,8.0,9914.0,7101.0,1679.0,1134.0,0.7162598345773653,0.1693564656041961,0.11438369981843857,3538.0,3563.0,0.0,0.4982396845514716,0.5017603154485284,0.0,852.0,827.0,0.0,0.5074449076831448,0.4925550923168553,0.0,568.0,566.0,0.0,0.5008818342151675,0.4991181657848324,0.0,0.500001555263166
sleep,71.0,51.0,13.0,7.0,9914.0,7099.0,1830.0,985.0,0.7160580996570506,0.18458745208795643,0.09935444825499294,3538.0,3561.0,0.0,0.498380053528666,0.501619946471334,0.0,923.0,907.0,0.0,0.5043715846994535,0.49562841530054647,0.0,497.0,488.0,0.0,0.5045685279187817,0.4954314720812183,0.0,0.5000417428946894
sleep,71.0,51.0,13.0,7.0,9914.0,7096.0,1833.0,985.0,0.7157554972765786,0.1848900544684285,0.09935444825499294,3551.0,3545.0,0.0,0.5004227733934611,0.4995772266065389,0.0,910.0,923.0,0.0,0.49645390070921985,0.5035460992907801,0.0,497.0,488.0,0.0,0.5045685279187817,0.4954314720812183,0.0,0.5000417428946894
sleep,71.0,51.0,13.0,7.0,9914.0,7180.0,1749.0,985.0,0.7242283639297963,0.17641718781521082,0.09935444825499294,3608.0,3572.0,0.0,0.5025069637883008,0.49749303621169916,0.0,853.0,896.0,0.0,0.48770726129216696,0.5122927387078331,0.0,497.0,488.0,0.0,0.5045685279187817,0.4954314720812183,0.0,0.5000417428946894
sleep,71.0,51.0,13.0,7.0,9914.0,7098.0,1831.0,985.0,0.7159572321968933,0.18468831954811377,0.09935444825499294,3538.0,3560.0,0.0,0.4984502676810369,0.501549732318963,0.0,923.0,908.0,0.0,0.5040961223375204,0.4959038776624795,0.0,497.0,488.0,0.0,0.5045685279187817,0.4954314720812183,0.0,0.5000417428946894
sleep,71.0,52.0,12.0,7.0,9914.0,7243.0,1686.0,985.0,0.7305830139197095,0.17006253782529757,0.09935444825499294,3609.0,3634.0,0.0,0.49827419577523124,0.5017258042247688,0.0,852.0,834.0,0.0,0.505338078291815,0.49466192170818507,0.0,497.0,488.0,0.0,0.5045685279187817,0.4954314720812183,0.0,0.5000417428946894
psychosis,61.0,44.0,11.0,6.0,4474.0,3218.0,815.0,441.0,0.719266875279392,0.1821636119803308,0.09856951274027716,1581.0,1637.0,0.0,0.4912989434431324,0.5087010565568676,0.0,369.0,446.0,0.0,0.452760736196319,0.5472392638036809,0.0,223.0,218.0,0.0,0.5056689342403629,0.4943310657596372,0.0,0.5000642736308432
psychosis,61.0,44.0,11.0,6.0,4474.0,3241.0,792.0,441.0,0.724407688869021,0.17702279839070184,0.09856951274027716,1524.0,1717.0,0.0,0.47022523912372727,0.5297747608762727,0.0,426.0,366.0,0.0,0.5378787878787878,0.4621212121212121,0.0,223.0,218.0,0.0,0.5056689342403629,0.4943310657596372,0.0,0.5000642736308432
psychosis,61.0,44.0,11.0,6.0,4474.0,3241.0,792.0,441.0,0.724407688869021,0.17702279839070184,0.09856951274027716,1594.0,1647.0,0.0,0.49182351126195617,0.5081764887380438,0.0,356.0,436.0,0.0,0.4494949494949495,0.5505050505050505,0.0,223.0,218.0,0.0,0.5056689342403629,0.4943310657596372,0.0,0.5000642736308432
psychosis,61.0,44.0,11.0,6.0,4474.0,3212.0,821.0,441.0,0.7179257934734019,0.18350469378632098,0.09856951274027716,1515.0,1697.0,0.0,0.4716687422166874,0.5283312577833126,0.0,435.0,386.0,0.0,0.5298416565164433,0.4701583434835566,0.0,223.0,218.0,0.0,0.5056689342403629,0.4943310657596372,0.0,0.5000642736308432
psychosis,61.0,44.0,11.0,6.0,4474.0,3220.0,813.0,441.0,0.7197139025480555,0.1817165847116674,0.09856951274027716,1586.0,1634.0,0.0,0.4925465838509317,0.5074534161490684,0.0,364.0,449.0,0.0,0.44772447724477243,0.5522755227552275,0.0,223.0,218.0,0.0,0.5056689342403629,0.4943310657596372,0.0,0.5000642736308432
psychosis,61.0,44.0,11.0,6.0,4474.0,3204.0,815.0,455.0,0.7161376843987484,0.1821636119803308,0.10169870362092087,1581.0,1623.0,0.0,0.4934456928838951,0.5065543071161048,0.0,369.0,446.0,0.0,0.452760736196319,0.5472392638036809,0.0,223.0,232.0,0.0,0.4901098901098901,0.5098901098901099,0.0,0.5001956285472768
psychosis,61.0,44.0,11.0,6.0,4474.0,3227.0,792.0,455.0,0.7212784979883773,0.17702279839070184,0.10169870362092087,1524.0,1703.0,0.0,0.47226526185311435,0.5277347381468857,0.0,426.0,366.0,0.0,0.5378787878787878,0.4621212121212121,0.0,223.0,232.0,0.0,0.4901098901098901,0.5098901098901099,0.0,0.5001956285472768
psychosis,61.0,44.0,11.0,6.0,4474.0,3227.0,792.0,455.0,0.7212784979883773,0.17702279839070184,0.10169870362092087,1594.0,1633.0,0.0,0.4939572358227456,0.5060427641772545,0.0,356.0,436.0,0.0,0.4494949494949495,0.5505050505050505,0.0,223.0,232.0,0.0,0.4901098901098901,0.5098901098901099,0.0,0.5001956285472768
psychosis,61.0,44.0,11.0,6.0,4474.0,3198.0,821.0,455.0,0.7147966025927581,0.18350469378632098,0.10169870362092087,1515.0,1683.0,0.0,0.47373358348968103,0.5262664165103189,0.0,435.0,386.0,0.0,0.5298416565164433,0.4701583434835566,0.0,223.0,232.0,0.0,0.4901098901098901,0.5098901098901099,0.0,0.5001956285472768
psychosis,61.0,44.0,11.0,6.0,4474.0,3220.0,799.0,455.0,0.7197139025480555,0.1785873938310237,0.10169870362092087,1586.0,1634.0,0.0,0.4925465838509317,0.5074534161490684,0.0,364.0,435.0,0.0,0.4555694618272841,0.5444305381727159,0.0,223.0,232.0,0.0,0.4901098901098901,0.5098901098901099,0.0,0.5001956285472768
psychosis,61.0,44.0,11.0,6.0,4474.0,3212.0,814.0,448.0,0.7179257934734019,0.1819400983459991,0.10013410818059902,1589.0,1623.0,0.0,0.49470734744707345,0.5052926525529265,0.0,367.0,447.0,0.0,0.45085995085995084,0.5491400491400491,0.0,217.0,231.0,0.0,0.484375,0.515625,0.0,0.50048828125
psychosis,61.0,44.0,11.0,6.0,4474.0,3226.0,800.0,448.0,0.7210549843540456,0.17881090746535538,0.10013410818059902,1522.0,1704.0,0.0,0.4717916924984501,0.5282083075015499,0.0,434.0,366.0,0.0,0.5425,0.4575,0.0,217.0,231.0,0.0,0.484375,0.515625,0.0,0.50048828125
psychosis,61.0,44.0,11.0,6.0,4474.0,3234.0,792.0,448.0,0.7228430934286991,0.17702279839070184,0.10013410818059902,1600.0,1634.0,0.0,0.49474335188620905,0.505256648113791,0.0,356.0,436.0,0.0,0.4494949494949495,0.5505050505050505,0.0,217.0,231.0,0.0,0.484375,0.515625,0.0,0.50048828125
psychosis,61.0,44.0,11.0,6.0,4474.0,3205.0,821.0,448.0,0.7163611980330801,0.18350469378632098,0.10013410818059902,1521.0,1684.0,0.0,0.4745709828393136,0.5254290171606865,0.0,435.0,386.0,0.0,0.5298416565164433,0.4701583434835566,0.0,217.0,231.0,0.0,0.484375,0.515625,0.0,0.50048828125
psychosis,61.0,44.0,11.0,6.0,4474.0,3227.0,799.0,448.0,0.7212784979883773,0.1785873938310237,0.10013410818059902,1592.0,1635.0,0.0,0.493337465137899,0.506662534862101,0.0,364.0,435.0,0.0,0.4555694618272841,0.5444305381727159,0.0,217.0,231.0,0.0,0.484375,0.515625,0.0,0.50048828125
psychosis,61.0,44.0,11.0,6.0,4474.0,3216.0,830.0,428.0,0.7188198480107286,0.18551631649530623,0.09566383549396514,1593.0,1623.0,0.0,0.49533582089552236,0.5046641791044776,0.0,367.0,463.0,0.0,0.44216867469879517,0.5578313253012048,0.0,213.0,215.0,0.0,0.4976635514018692,0.5023364485981309,0.0,0.5000109179841035
psychosis,61.0,44.0,11.0,6.0,4474.0,3242.0,804.0,428.0,0.7246312025033527,0.17970496200268216,0.09566383549396514,1522.0,1720.0,0.0,0.46946329426280076,0.5305367057371992,0.0,438.0,366.0,0.0,0.5447761194029851,0.4552238805970149,0.0,213.0,215.0,0.0,0.4976635514018692,0.5023364485981309,0.0,0.5000109179841035
psychosis,61.0,44.0,11.0,6.0,4474.0,3254.0,792.0,428.0,0.727313366115333,0.17702279839070184,0.09566383549396514,1604.0,1650.0,0.0,0.4929317762753534,0.5070682237246465,0.0,356.0,436.0,0.0,0.4494949494949495,0.5505050505050505,0.0,213.0,215.0,0.0,0.4976635514018692,0.5023364485981309,0.0,0.5000109179841035
psychosis,61.0,44.0,11.0,6.0,4474.0,3225.0,821.0,428.0,0.7208314707197139,0.18350469378632098,0.09566383549396514,1525.0,1700.0,0.0,0.4728682170542636,0.5271317829457365,0.0,435.0,386.0,0.0,0.5298416565164433,0.4701583434835566,0.0,213.0,215.0,0.0,0.4976635514018692,0.5023364485981309,0.0,0.5000109179841035
psychosis,61.0,44.0,11.0,6.0,4474.0,3247.0,799.0,428.0,0.7257487706750112,0.1785873938310237,0.09566383549396514,1596.0,1651.0,0.0,0.491530643671081,0.508469356328919,0.0,364.0,435.0,0.0,0.4555694618272841,0.5444305381727159,0.0,213.0,215.0,0.0,0.4976635514018692,0.5023364485981309,0.0,0.5000109179841035
psychosis,61.0,44.0,11.0,6.0,4474.0,3215.0,830.0,429.0,0.7185963343763969,0.18551631649530623,0.09588734912829683,1593.0,1622.0,0.0,0.4954898911353033,0.5045101088646967,0.0,367.0,463.0,0.0,0.44216867469879517,0.5578313253012048,0.0,213.0,216.0,0.0,0.4965034965034965,0.5034965034965035,0.0,0.5000244510734022
psychosis,61.0,44.0,11.0,6.0,4474.0,3242.0,803.0,429.0,0.7246312025033527,0.17948144836835048,0.09588734912829683,1522.0,1720.0,0.0,0.46946329426280076,0.5305367057371992,0.0,438.0,365.0,0.0,0.5454545454545454,0.45454545454545453,0.0,213.0,216.0,0.0,0.4965034965034965,0.5034965034965035,0.0,0.5000244510734022
psychosis,61.0,44.0,11.0,6.0,4474.0,3253.0,792.0,429.0,0.7270898524810013,0.17702279839070184,0.09588734912829683,1604.0,1649.0,0.0,0.4930833077159545,0.5069166922840455,0.0,356.0,436.0,0.0,0.4494949494949495,0.5505050505050505,0.0,213.0,216.0,0.0,0.4965034965034965,0.5034965034965035,0.0,0.5000244510734022
psychosis,61.0,44.0,11.0,6.0,4474.0,3224.0,821.0,429.0,0.7206079570853822,0.18350469378632098,0.09588734912829683,1525.0,1699.0,0.0,0.47301488833746896,0.526985111662531,0.0,435.0,386.0,0.0,0.5298416565164433,0.4701583434835566,0.0,213.0,216.0,0.0,0.4965034965034965,0.5034965034965035,0.0,0.5000244510734022
psychosis,61.0,44.0,11.0,6.0,4474.0,3246.0,799.0,429.0,0.7255252570406795,0.1785873938310237,0.09588734912829683,1596.0,1650.0,0.0,0.49168207024029575,0.5083179297597042,0.0,364.0,435.0,0.0,0.4555694618272841,0.5444305381727159,0.0,213.0,216.0,0.0,0.4965034965034965,0.5034965034965035,0.0,0.5000244510734022
psychosis,61.0,44.0,11.0,6.0,4474.0,3204.0,830.0,440.0,0.7161376843987484,0.18551631649530623,0.09834599910594546,1592.0,1612.0,0.0,0.4968789013732834,0.5031210986267166,0.0,367.0,463.0,0.0,0.44216867469879517,0.5578313253012048,0.0,214.0,226.0,0.0,0.4863636363636364,0.5136363636363637,0.0,0.5003719008264463
psychosis,61.0,44.0,11.0,6.0,4474.0,3239.0,795.0,440.0,0.7239606616003577,0.1776933392936969,0.09834599910594546,1521.0,1718.0,0.0,0.4695893794380982,0.5304106205619018,0.0,438.0,357.0,0.0,0.5509433962264151,0.4490566037735849,0.0,214.0,226.0,0.0,0.4863636363636364,0.5136363636363637,0.0,0.5003719008264463
psychosis,61.0,44.0,11.0,6.0,4474.0,3245.0,789.0,440.0,0.7253017434063478,0.17635225748770675,0.09834599910594546,1604.0,1641.0,0.0,0.4942989214175655,0.5057010785824345,0.0,355.0,434.0,0.0,0.449936628643853,0.550063371356147,0.0,214.0,226.0,0.0,0.4863636363636364,0.5136363636363637,0.0,0.5003719008264463
psychosis,61.0,44.0,11.0,6.0,4474.0,3213.0,821.0,440.0,0.7181493071077336,0.18350469378632098,0.09834599910594546,1524.0,1689.0,0.0,0.47432306255835666,0.5256769374416433,0.0,435.0,386.0,0.0,0.5298416565164433,0.4701583434835566,0.0,214.0,226.0,0.0,0.4863636363636364,0.5136363636363637,0.0,0.5003719008264463
psychosis,61.0,44.0,11.0,6.0,4474.0,3235.0,799.0,440.0,0.7230666070630308,0.1785873938310237,0.09834599910594546,1595.0,1640.0,0.0,0.49304482225656876,0.5069551777434312,0.0,364.0,435.0,0.0,0.4555694618272841,0.5444305381727159,0.0,214.0,226.0,0.0,0.4863636363636364,0.5136363636363637,0.0,0.5003719008264463
psychosis,61.0,44.0,11.0,6.0,4474.0,3209.0,830.0,435.0,0.7172552525704068,0.18551631649530623,0.09722843093428699,1585.0,1624.0,0.0,0.4939233406045497,0.5060766593954503,0.0,367.0,463.0,0.0,0.44216867469879517,0.5578313253012048,0.0,221.0,214.0,0.0,0.5080459770114942,0.49195402298850577,0.0,0.500129475492139
psychosis,61.0,44.0,11.0,6.0,4474.0,3244.0,795.0,435.0,0.7250782297720161,0.1776933392936969,0.09722843093428699,1514.0,1730.0,0.0,0.46670776818742293,0.533292231812577,0.0,438.0,357.0,0.0,0.5509433962264151,0.4490566037735849,0.0,221.0,214.0,0.0,0.5080459770114942,0.49195402298850577,0.0,0.500129475492139
psychosis,61.0,44.0,11.0,6.0,4474.0,3238.0,801.0,435.0,0.723737147966026,0.1790344210996871,0.09722843093428699,1597.0,1641.0,0.0,0.49320568252007413,0.5067943174799259,0.0,355.0,446.0,0.0,0.4431960049937578,0.5568039950062422,0.0,221.0,214.0,0.0,0.5080459770114942,0.49195402298850577,0.0,0.500129475492139
psychosis,61.0,44.0,11.0,6.0,4474.0,3225.0,814.0,435.0,0.7208314707197139,0.1819400983459991,0.09722843093428699,1524.0,1701.0,0.0,0.47255813953488374,0.5274418604651163,0.0,428.0,386.0,0.0,0.5257985257985258,0.4742014742014742,0.0,221.0,214.0,0.0,0.5080459770114942,0.49195402298850577,0.0,0.500129475492139
psychosis,61.0,44.0,11.0,6.0,4474.0,3240.0,799.0,435.0,0.7241841752346894,0.1785873938310237,0.09722843093428699,1588.0,1652.0,0.0,0.4901234567901235,0.5098765432098765,0.0,364.0,435.0,0.0,0.4555694618272841,0.5444305381727159,0.0,221.0,214.0,0.0,0.5080459770114942,0.49195402298850577,0.0,0.500129475492139
psychosis,61.0,43.0,11.0,7.0,4474.0,3142.0,829.0,503.0,0.7022798390701833,0.18529280286097452,0.1124273580688422,1592.0,1550.0,0.0,0.5066836409929981,0.49331635900700194,0.0,367.0,462.0,0.0,0.4427020506634499,0.5572979493365501,0.0,214.0,289.0,0.0,0.4254473161033797,0.5745526838966203,0.0,0.5111162053523788
psychosis,61.0,43.0,11.0,7.0,4474.0,3175.0,796.0,503.0,0.7096557890031292,0.1779168529280286,0.1124273580688422,1521.0,1654.0,0.0,0.4790551181102362,0.5209448818897637,0.0,438.0,358.0,0.0,0.550251256281407,0.44974874371859297,0.0,214.0,289.0,0.0,0.4254473161033797,0.5745526838966203,0.0,0.5111162053523788
psychosis,61.0,43.0,11.0,7.0,4474.0,3174.0,797.0,503.0,0.7094322753687975,0.1781403665623603,0.1124273580688422,1604.0,1570.0,0.0,0.5053560176433523,0.49464398235664775,0.0,355.0,442.0,0.0,0.4454203262233375,0.5545796737766625,0.0,214.0,289.0,0.0,0.4254473161033797,0.5745526838966203,0.0,0.5111162053523788
psychosis,61.0,43.0,11.0,7.0,4474.0,3150.0,821.0,503.0,0.7040679481448369,0.18350469378632098,0.1124273580688422,1524.0,1626.0,0.0,0.4838095238095238,0.5161904761904762,0.0,435.0,386.0,0.0,0.5298416565164433,0.4701583434835566,0.0,214.0,289.0,0.0,0.4254473161033797,0.5745526838966203,0.0,0.5111162053523788
psychosis,61.0,44.0,10.0,7.0,4474.0,3243.0,728.0,503.0,0.7248547161376844,0.1627179257934734,0.1124273580688422,1595.0,1648.0,0.0,0.4918285538082023,0.5081714461917978,0.0,364.0,364.0,0.0,0.5,0.5,0.0,214.0,289.0,0.0,0.4254473161033797,0.5745526838966203,0.0,0.5111162053523788
psychosis,61.0,44.0,11.0,6.0,4474.0,3186.0,830.0,458.0,0.7121144389807779,0.18551631649530623,0.10236924452391596,1591.0,1595.0,0.0,0.49937225360954174,0.5006277463904583,0.0,367.0,463.0,0.0,0.44216867469879517,0.5578313253012048,0.0,215.0,243.0,0.0,0.46943231441048033,0.5305676855895196,0.0,0.5018687668045994
psychosis,61.0,44.0,11.0,6.0,4474.0,3221.0,795.0,458.0,0.7199374161823872,0.1776933392936969,0.10236924452391596,1520.0,1701.0,0.0,0.47190313567215153,0.5280968643278485,0.0,438.0,357.0,0.0,0.5509433962264151,0.4490566037735849,0.0,215.0,243.0,0.0,0.46943231441048033,0.5305676855895196,0.0,0.5018687668045994
psychosis,61.0,44.0,11.0,6.0,4474.0,3218.0,798.0,458.0,0.719266875279392,0.178363880196692,0.10236924452391596,1603.0,1615.0,0.0,0.49813548788067125,0.5018645121193288,0.0,355.0,443.0,0.0,0.4448621553884712,0.5551378446115288,0.0,215.0,243.0,0.0,0.46943231441048033,0.5305676855895196,0.0,0.5018687668045994
psychosis,61.0,44.0,11.0,6.0,4474.0,3220.0,796.0,458.0,0.7197139025480555,0.1779168529280286,0.10236924452391596,1522.0,1698.0,0.0,0.47267080745341616,0.5273291925465838,0.0,436.0,360.0,0.0,0.5477386934673367,0.45226130653266333,0.0,215.0,243.0,0.0,0.46943231441048033,0.5305676855895196,0.0,0.5018687668045994
psychosis,61.0,44.0,11.0,6.0,4474.0,3219.0,797.0,458.0,0.7194903889137237,0.1781403665623603,0.10236924452391596,1596.0,1623.0,0.0,0.4958061509785648,0.5041938490214353,0.0,362.0,435.0,0.0,0.45420326223337515,0.5457967377666249,0.0,215.0,243.0,0.0,0.46943231441048033,0.5305676855895196,0.0,0.5018687668045994
psychosis,61.0,44.0,11.0,6.0,4474.0,3224.0,813.0,437.0,0.7206079570853822,0.1817165847116674,0.09767545820295039,1586.0,1638.0,0.0,0.49193548387096775,0.5080645161290323,0.0,367.0,446.0,0.0,0.45141451414514144,0.5485854858548586,0.0,220.0,217.0,0.0,0.5034324942791762,0.4965675057208238,0.0,0.5000235640339532
psychosis,61.0,44.0,11.0,6.0,4474.0,3233.0,804.0,437.0,0.7226195797943674,0.17970496200268216,0.09767545820295039,1515.0,1718.0,0.0,0.4686050108258583,0.5313949891741416,0.0,438.0,366.0,0.0,0.5447761194029851,0.4552238805970149,0.0,220.0,217.0,0.0,0.5034324942791762,0.4965675057208238,0.0,0.5000235640339532
psychosis,61.0,44.0,11.0,6.0,4474.0,3246.0,791.0,437.0,0.7255252570406795,0.17679928475637013,0.09767545820295039,1598.0,1648.0,0.0,0.492298213185459,0.5077017868145409,0.0,355.0,436.0,0.0,0.44879898862199746,0.5512010113780025,0.0,220.0,217.0,0.0,0.5034324942791762,0.4965675057208238,0.0,0.5000235640339532
psychosis,61.0,44.0,11.0,6.0,4474.0,3215.0,822.0,437.0,0.7185963343763969,0.18372820742065266,0.09767545820295039,1517.0,1698.0,0.0,0.471850699844479,0.528149300155521,0.0,436.0,386.0,0.0,0.5304136253041363,0.46958637469586373,0.0,220.0,217.0,0.0,0.5034324942791762,0.4965675057208238,0.0,0.5000235640339532
psychosis,61.0,44.0,11.0,6.0,4474.0,3230.0,807.0,437.0,0.7219490388913724,0.18037550290567725,0.09767545820295039,1596.0,1634.0,0.0,0.49411764705882355,0.5058823529411764,0.0,357.0,450.0,0.0,0.4423791821561338,0.5576208178438662,0.0,220.0,217.0,0.0,0.5034324942791762,0.4965675057208238,0.0,0.5000235640339532
